,tweets,
0,"""So after Biden wins, what do we do with the cult?""",0
1,"""@GOPLeader @GoJackFlynn Please. \nJust #RemovePelosi now.\nShe is constantly lying.\nShe is an embarrassment to the whole country.\nShe encourages violence against #TrumpSupporters.\nShe is unfit for any office, and is definitely not fit to be Speaker of the House.\nThanking you in advance...""",1
2,"""@Jeromep81422970 @stillgray And I thought #TrumpSupporters were the bots? #Trump2020 https://t.co/r5vGQV0UOb""",0
3,"""Seeing a lot of #TrumpSupporters taking their MAGA hats off after last nightâ€™s debate. This is America.""",0
4,"""The bigger question is, why are hundreds of people being bused into his rallies???""",0
5,"""@Dknight10k #TrumpSupporters won't back Pence. He is too tame and not racist enough for them.\n\nPlus, he's scared of women. Trump just rapes them.""",0
6,"""@realDonaldTrump No weapon formed against us shall prosper! Democrats wish they could stop #MAGA...but they can't. Godspeed.""",1
7,"""@chicagosmayor Damn right! #VOTETRUMP2020 #DRAINTHESWAMP https://t.co/XirOBq7zv5""",1
8,"""#TrumpSupporters when you tell them anything bad about Trump ğŸ˜‚ğŸ˜‚ğŸ˜‚ğŸ˜‚ğŸ˜‚ğŸ˜‚ğŸ˜‚ğŸ˜‚ğŸ˜‚ğŸ˜‚ğŸ˜‚ğŸ˜‚ğŸ˜‚ https://t.co/01TlO2PJeu""",0
9,"""How does someone run on crushing Unions, ending Social Security and Medicare, and destroying the Post Office still have support?""",0
10,"""Support President Trumpâ€™s wall? Our #BuildTheWall mug is a real conversation starter! Click the link to get yours today: https://t.co/PyLeEXWtYx""",1
11,"""Just five days after he stepped down from his posts at Liberty University amid scandal, Jerry Falwell Jr.â€™s wife called police to report that he was intoxicated and bleeding in their Virginia home. #Trumpsupporters #Evangelicals #Trumptoaddy https://t.co/13JmEuwuh5""",0
12,"""Whereâ€™s the lie... yâ€™all quiet as hell ğŸ™ŠğŸ™ŠğŸ™ŠğŸ™ŠğŸ™ŠğŸ™Š #TrumpSupporters Make sure yâ€™all #Vote #Vote2020 https://t.co/vCf4CtBQww""",0
13,"""A woman who was arrested and charged with attempted murder after driving through a crowd of #TrumpSupporters in #California has been identified as an event organizer. https://t.co/0deS48Cjis""",0
14,"""....#1KatesProsperity NATIONAL is strong &amp; will soon #MakeAmericaGreatAgain!""",1
15,"""Are there any other Presidents or Prime Ministers of major countries and nations reporting that their chief officials are still contracting a known air borne virus?? No? Just America....wow! #makeamericagreatagain""",0
16,"""ğŸš¨ğŸš¨ATTENTION #MAGAMorons!ğŸš¨ğŸš¨\n\nThe #PatheticAntiMilitaryPutinInstalledLyingRacistCovidiot @POTUS, AKA @realDonaldTrump, @TeamTrump, the @GOP &amp; @GOPChairwoman ALL Think #TrumpSupporters Are TOO DISGUSTING To Even Shake Hands With.\n\n#TrumpHatesHisSupporters\nhttps://t.co/BwPtAUkuP5 https://t.co/fJlb9WBydF""",0
17,"""#BuildtheWall  get your Trump 2020 Car Air Freshener @ Amazon  https://t.co/7wiiWt2n0q https://t.co/IUFp55PQJR""",1
18,"""and your welcome. https://t.co/1mr7ESiLMB""",2
19,"""In other words, theyâ€™re illegally making the ILLEGAL ALIENS eligible to receive LEGAL citizenâ€™s tax money. #SendThemBack #BuildTheWall""",1
20,"""She should be ashamed of herself!""",2
21,"""why not?  I can quite do it!  where to get the bulletin? ğŸ‡·ğŸ‡ºğŸ‡·ğŸ‡ºğŸ‡·ğŸ‡º #VOTE #MakeAmericaGreatAgain https://t.co/Xsrb9OxDCz""",1
22,"""Iâ€™m worried some deep state sinister shit is about to go down""",0
23,"""@PathForFreedom @realDonaldTrump Know you have a qualified US Army veteran ready to contribute experience and continued service to promote freedom and protect our our sacred constitution in the AZ CD 2 race in Brandon Martin! Help AZ promote a winner! God bless you! #MartinForFreedom #MAGA #2A""",1
24,"""President @realDonaldTrump saw the scenes of his supporters outside Walter Reed Medical Center. He decided to send out Presidential Chocolates to thank them.\n\nWe love you Mr. President!\n\nPraying for the Ultimate Physician to grant you and the First Lady complete healing.\n\n#MAGA https://t.co/WDUT4oUOE2""",1
25,"""Donald Trumpâ€™s Latest Coronavirus Comment Slammed As â€˜So Cruel And Cynicalâ€™ https://t.co/90fETEJ0DE Hey #TrumpSupporters did YOU know your #DisgustingPeople HAHA Keep Supporting the #Moron #DumpTrumpDayNov3 #NotMYPresident #TrumpLiesAmericansDie #Trump #RepublicansForBiden""",0
26,"""@RepMaxineWaters @realDonaldTrump been fighting with #DirtyDemocrats since elected! Inciting violence 2 #TrumpSupporters, racial division, condoning riots, burning businesses, supp #BLM, inciting hate/violence 2ward police officers, etc. #Republicans DO NOT BACK DOWN! https://t.co/KdhfEK3m2E""",1
29,"""#72hours? so @realDonaldTrump came to #NewJersey to engage with &amp; infect #TrumpSupporters and @TrumpBedminster staff at a fundraiser after he was diagnosed?\n\n#Trump doesn't care about anyone, #America.\n\ncc: @PressSec @WhiteHouse @TeamTrump @NJGov""",0
30,"""The MAGA faithful is with our President! ğŸ‡ºğŸ‡¸â¤ï¸ https://t.co/fZ0JpRr6xe""",1
31,"""#TrumpSupporters:\n\nThe late Rep. #JohnLewis (D-GA) told us to vote.\n\nSo...come Trump and Confederate flags, open carry, and screaming Karens at the polls, we will vote.  #VoterIntimidation isn't going to work.\n\nDempsey\n\nP.S.  Liberals look for #GoodTrouble. https://t.co/ts1heHhjBO""",1
32,"""And all we keep hearing from the left and MSM is \""",2
33,"""If Nancy Pelosi tries to impeach President Trump for appointing a Supreme Court Justiceâ€”as the Constitution requires him to doâ€”we will take steps to remove her as Speaker. https://t.co/NIJMgcBbii""",1
34,"""#VoteTrump2020ToSaveAmerica #MakeAmericaGreatAgain #AmericanFreedomForRepublican Mr President @realDonaldTrump my hopes prayers for you and your wife you may God bless for United States of AmericağŸ‡ºğŸ‡¸ âœâœ¡â¤ğŸ˜ğŸ™ğŸ» https://t.co/18Qr3NmK2H""",1
35,"""The start of another long work week. I hope all you #TrumpSupporters have a great day! ğŸ‡ºğŸ‡¸ğŸ‡ºğŸ‡¸ğŸ‡ºğŸ‡¸ğŸ‡ºğŸ‡¸ğŸ‡ºğŸ‡¸ğŸŒµğŸ˜""",1
36,"""BREAKING: The Governor just announced gas powered cars will be banned in California by the year 2035.\n\nUhaul trucks are about to be very hard to come by.""",2
37,"""#BreakingNews \n\nRepublicans found to have deformed DNA!\n\n#TrumpSupporters:\n*Deny #Science - Accept imaginary beings\n*Racist &amp; Sexist Tendencies #Charlottesville \n*Willingness to sell out US #RussianRepublicans\n*#Hypocrites #RBG \n*Anti-#Environment\n\nSolution: Drop From VOTER ROLLS https://t.co/K2lHWMRoqQ""",0
38,"""iâ€™m so hurt ğŸ˜¢ they just look stupider each time they say something  #TrumpSupporters https://t.co/Hk8U4U6G2j""",0
39,"""@realDonaldTrump Naughty naughty sleepy joe! You got caught cheating! #DrainTheSwamp #Trump2020LandslideVictory https://t.co/O157H5rVRb""",1
40,"""We stand TOGETHER for this FIGHT.\n\nW......!!!\n\nâœ”ï¸  R  &amp;  . \n\n#MAGA #MIGA\n#PlanB""",2
41,"""Team-GO TRUMP! #MakeAmericaGreatAgain https://t.co/xmCVaYw0Ft Honored to their colours with Homin and whiff the poghue like""",1
44,"""@marklevinshow #MAGA+A ğŸ˜‚ğŸ˜‚ENDLESSğŸ¤£BULLâ˜ ï¸SHITğŸ˜‚ğŸ¤£ğŸ˜‚ğŸ¤£ğŸ˜‚ğŸ¤£ğŸ˜‚ğŸ¤£ğŸ˜‚ğŸ¤£ğŸ˜‚ğŸ¤£ğŸ˜‚ğŸ¤£ğŸ˜‚ğŸ¤£ğŸ˜‚ğŸ¤£ğŸ˜‚ğŸ¤£ğŸ˜‚ğŸ¤£ğŸ˜‚ğŸ¤£ğŸ˜‚ğŸ¤£ğŸ˜‚ğŸ¤£ğŸ˜‚ğŸ¤£ğŸ˜‚SAMEğŸ‘ŒğŸ»TIREDğŸ‘ŒğŸ»OLDğŸ‘ŒğŸ»RANTINGğŸ¤£ğŸ˜‚ğŸ¤£ğŸ˜‚ğŸ¤£ğŸ˜‚ğŸ¤£ğŸ˜‚ğŸ¤£ğŸ˜‚ğŸ¤£ğŸ˜‚ğŸ¤£ğŸ˜‚ğŸ¤£ğŸ˜‚ğŸ¤£ğŸ˜‚ğŸ¤£ğŸ˜‚ğŸ¤£ğŸ˜‚your life is NOW and FOREVER a joke...ğŸ¤£ğŸ˜‚ğŸ¤£ğŸ˜‚ğŸ¤£ğŸ˜‚ğŸ¤£ğŸ˜‚ğŸ¤£ğŸ˜‚ğŸ¤£ğŸ˜‚ğŸ¤£ğŸ˜‚ğŸ˜‚ğŸ¤£ğŸ˜‚ğŸ¤£ğŸ˜‚ğŸ¤£ğŸ˜‚ğŸ¤£ğŸ˜‚ğŸ¤£ğŸ˜‚DESPERATEâ˜ ï¸IDIOTâ˜ ï¸LOSERâ˜ ï¸ğŸ‡ºğŸ‡¸â˜ ï¸ https://t.co/SCwcP9ZkPs""",2
45,"""@realDonaldTrump #maga #trump #kag #donaldtrump #conservative #republican #usa #makeamericagreatagain #wwg #qanon #wga #america #keepamericagreat #trumptrain #draintheswamp #politics #a #americafirst #walkaway #freedom #thegreatawakening #buildthewall #q  #trumpsupporters #bhfyp""",1
46,"""Please read me correctly- I donâ€™t want him to die - I just do not care if he is dead or alive. I want Biden as President and I want this bulllshit #MAGA movement to be smashed. His illness doesnâ€™t change that we need to be on attack until Biden is sworn in. And then some. VOTE""",0
47,"""#TrumpTaxReturns #Ohio #TrumpSupporters  What do you think of your so called President now ?  Still don't think he is not a fraud ?""",0
48,"""Why is it assumed the president got the virus while campaigning or doing something irresponsible? He could have gotten it while doing his job at the White House and despite the very tight protections in place there. The media narrative is based on no facts whatsoever.""",0
49,"""Now everytime I hear them say #ProudBoys Iâ€™ll envision this ğŸ˜‚\n#MakeAmericaGreatAgain https://t.co/lQE2GUzRV1""",0
50,"""#TrumpSupporters  are the type of mfs to tell Puerto Ricans to go back to their country.""",0
51,"""Praying for a Speedy recovery #Trump2020 #MakeAmericaGreatAgain""",1
52,"""Iâ€™m with @realDonaldTrump #MAGA https://t.co/VgfvdDQBX5""",1
53,"""Trump cannot denounce his base? #TrumpSupremacistInChief #TrumpsAmeriKKKa #TrumpSupporters https://t.co/kUd98BfkQN""",0
54,"""I'll pray for all the #healthcareworkers (and their families) who died and are still dying because\n#TrumpLiesAmericansDie \nI'll pray for all the healthcare workers who will die because of #TrumpSuperSpreaders""",0
55,"""I feel so blessed to live in this great country. #maga https://t.co/QESuFpEQpu""",1
56,"""Riding the #TrumpTrain baby on 270 in Cbus ğŸ‡ºğŸ‡² https://t.co/GmtOMQYQLE""",1
57,"""https://t.co/eullWrX8Am""",2
58,"""Praying for the swift recovery of my father and Melania and for all those impacted by COVID-19.\n\nAs they fight this together, the President will continue to fight for the people of this great country.""",1
59,"""Steve Bannon is on Tucker saying his mission is to stop the Democrats \""",1
60,"""Teen arrested, second suspect sought after ambush of DPS troopers in Phoenix  https://t.co/hKIQMbTUdr No \""",2
61,"""Mark Kelly: Arizona Senate race winner should be sworn in \""",2
62,"""JUST IN: The House overwhelmingly approved, 371-18, a bipartisan resolution condemning the far-right, baseless QAnon conspiracy theory. \n\nThe resolution has no force of law, but it is the first time Congress is on record condemning the conspiracy.""",2
63,"""Mr President are you alright sometimes peopleâ€™s get creative with the things you had said in the past for example take a look at this #45potus how is the treatment is going #MAGA https://t.co/nm9D6HTpKx""",1
64,"""How many trump supporters do I have to fucking report from that one tweet I did yesterday I mean literally, how many???? #TrumpSupporters #Russiabot #TrumpCovid https://t.co/2V8kVuSiFJ""",0
65,"""#trump #protrump #maga #republican #conservative #usa #conservativememes #america #rightwing #makeamericagreatagain #kag #proamerica #wethepeople #donaldtrump #progun #right #lovetrump #republicanmemes #trumpsupporters #americafirst #prolife #trumptrain #womenfortrump #walkaway https://t.co/YinFsssQqm""",1
66,"""My mom has cancer but she didnâ€™t want to miss riding in the #TrumpTrain in So. Tx! ğŸ‡ºğŸ‡¸ @realDonaldTrump @DonaldJTrumpJr https://t.co/oX2uDRugLa""",1
67,"""Trump supporters are calling for a delay in the election. They say itâ€™s not fair be a their candidate has the sniffles.""",0
68,"""These radical liberals have no shame. They are so blatantly hypocritical itâ€™s embarrassing. \n\nNow the Governor of Michigan says #BuildTheWall â€”â€”(only around my mansion) \n\nSurely sheâ€™s isnâ€™t concerned about any #PeacefulProtests around her home.""",1
69,"""#WalkAwayâ€™s #UNSILENT March. See official livestream here: https://t.co/vrxPGyQydp https://t.co/HWLUxJzUfB""",2
70,"""Biden REFUSED to use the term, LAW &amp; ORDER! There go the Suburbs.""",1
71,"""â€œI brought back 7 hundred thousand jobs, they brought nothingâ€œ\n#ArgentinaSupportsTrump ğŸ‡ºğŸ‡¸\n#MakeAmericaGreatAgain""",1
72,"""On another note for those of you #TrumpSupporters now you see how important it is to wear a mask. Look at yâ€™all leader https://t.co/a6VpXoLL4t""",0
73,"""You know you want to hear every thing in my environment.\nLet's stop playing\n#BuildTheWall""",1
74,"""Many people at the event to celebrate the @SCOTUS nomination have tested positive.\nNone of them were wearing masks.\nEveryone there needs to quarantine for 14 days.\n4 on the Senate judiciary committee are positive.\n@VP Pence is on the road campaigning.\n#MakeAmericaGreatAgain #MAGA""",0
75,"""Give the #TrumpTrain more gas https://t.co/zpfak1gpqM""",1
76,"""#TrumpSupporters How can it be that 2.5 million would have died from #Covid19, as #Trump says, if it's in fact a hoax? Your leader says 2.5 million would have died, yet you claim 200,000 deaths from #Covid is way over-reporting the number of deaths. #QAnon idiots. #ScienceMatters""",0
77,"""Do you remember what you were doing when you found out that #COVIDcaughtTrump?\n\nPlease add your reply with the hashtag and retweet.""",2
78,"""I wasn't even born yet when Biden was first elected...\n\n#DrainTheSwamp""",1
79,"""@realDonaldTrump Hey #TrumpSupporters @realDonaldTrump thinks if he can keep you SCARED &amp; full of HATE you'll keep believing all of his lies and he can keep DESTROYING, our lives, the country, our democracy, standing in the world and keep being the CORRUPT, LAWLESS, CRIMINAL that he is! WAKE UP! https://t.co/F5GyNxeuIA""",0
80,"""Something tells me, shit's about to get real.""",0
81,"""We all belong! This is wrong legally, morally, ethically, humanely.  #ProudBoys \n#TrumpSupporters \n#TrumpLied200KAmericansdied \n#TrumpIsALaughingStock \n#TrumpIsAHeartlessPsychopath \n@F_Trump4Ever""",0
82,"""Check this out Patriots!  Everybody ready for tonight!  All Aboard #TrumpTrain https://t.co/vlRb0Lfcft""",1
84,"""@LoneEagal21 @CLewandowski_ @newconfidence02 Too bad #Progressives fund this nation and #TrumpSupporters are the welfare queens. https://t.co/htlrsaGGHx""",1
85,"""I love how #Trumpsupporters will always be like â€œI donâ€™t trust medicine and scienceâ€ but then will go around bragging about a Sky Daddy that grants wishes if youâ€™re good and sends you to an oven if youâ€™re bad. #Conservatives""",0
86,"""Apparently what happens when you dare to speak a #walkaway pro-Trump view in a new pro-Independence party that claims to stand up for free speech in Scotland. I thought we all were free to disagree? \n\n@BrandonStraka @DrKarlynB @TheOfficerTatum @Breaking911 @RickyRebelRocks""",1
87,"""The coronavirus moved on me like a bitch!!!! #MAGA""",2
89,"""Hey folks #RidinWithBiden, Joe is on the #TrumpTrain! https://t.co/XLMMw7iizm""",1
90,"""Navy SEALs change official ethos to be gender neutral, remove â€˜brotherhoodâ€™ and 'man' - @AmerMilNews""",2
91,"""JUNE â€˜16 FBI already spying on Trump 6 months, \nCLINTON JUDGE\nDENIED 1st FISA APP\nw/o dossier\nTrump had promised\n#DrainTheSwamp #LockHerUp\nMUST STOP TRUMP AT ALL COSTS\n1st In 10,000 FISA Apps Denied by Court - DOJ IG Horowitz LEFT THIS OUT of His Report! https://t.co/A9gIkIBkxZ""",0
92,"""President Trump speaking at one of his many successful rallies regarding the Deep State coup attempt, \nâ€œWe caught them coldâ€! \n\nTrump has achieved more in Govt in 47 months than Joe Biden has in 47 years, LET THAT SINK IN FOR A MINUTE!ğŸ¤”\n\n#DrainTheSwamp\n#TrumpPence2020 \n#VoteGOP https://t.co/dWaKissfTH""",1
93,"""Families reunited in 'Hugs Not Walls' event at U.S.-Mexico border\nEuroTV - 27 Oct 2019\n\n300+ families wore blue shirts while their counterparts wore white ...\n\nVIDEO https://t.co/Q58MNjqlLz\n\n#BuildTheWall #FinishTheWall\n#QuikTake qt-wall-vid-157 by #borderObserver https://t.co/GziVjr8lX1""",0
94,"""Is this god or a publicity stunt? #MakeAmericaGreatAgain""",2
95,"""@realDonaldTrump Trump refuses to denounce #WhiteSupremacy. Not all Trump Supporters are racist, but make no mistake... all racists are #TrumpSupporters. You know that, everyone knows that. #TrumpIsARacist https://t.co/CiA9xeqW3V""",0
97,"""@GovWhitmer Is the new 8ft tall fence around the Michigan governor's mansion \""",2
98,"""This guy is a lying piece of garbage. THATâ€™S CONFIRMED.  https://t.co/5z2djQYtGr""",2
99,"""Trump's contempt for other people's health and safety has Secret Service agents angry https://t.co/skyiAwVOVy @GOP @Potus #TrumpSupporters #Trumpcovid #TrumpKnewAmericansDied #TrumpSuperSpreaders #GOPSuperSpreaders #GOPCorruptionOverCountry #GOPDeathCult""",0
101,"""We do have a weapon against #COVID19 all we need is to vote #BidenHarris2020 in and @realDonaldTrump out. I believe this is what will #MakeAmericaGreatAgain!!!""",0
102,"""#MakeAmericaGreatAgain\n\nmake sure you guys catch the most important debate of the year Trump vs Chris Wallace https://t.co/dGLMG8HIY3""",2
103,"""You stupid #TrumpSupporters that are blocking #voters are terrorists!! \nWill this never stop? Are you people that inbred that you canâ€™t see what you are doing is wrong? \n#BidenHarris2020""",0
105,"""Stay strong mister President! @realDonaldTrump â€˜Stand back, stand byâ€™ #corona #maga https://t.co/0QVNr8sMJm""",1
106,"""âœŠğŸ¾ğŸŒˆğŸ›‘ RETWEET IF YOU LOVE EQUALITY, JUSTICE AND @JoeBiden! âœŠğŸ¾ğŸŒˆğŸ›‘ LETS GET THIS #BIDENBUS GOING GUYS! (aka put the #TrumpTrain to shame.)...Jump in!... https://t.co/SL0O9rY2uR""",0
107,"""Getting ready for the #270TrumpParade tomorrow! It's gonna be YUGE! #OhioTrumpsBiden #BuckeyeNationForTrump #WalkAwayOhio #Cbus #Blexit #Lexit #OhioTrumpParade #OhioForTrump #MAGA #KAG #Trump2020 #KAG2020 ğŸ‡ºğŸ‡¸ https://t.co/vuFWkwbi6c""",1
108,"""LOOK AT THIS CROWD!!! #WalkAway #Unsilent https://t.co/AaLVs7raIJ""",1
109,"""Almost complete!Just gotta add some finishing touches""",2
110,"""@JLPtalk 1 in 1000 black americans have died because of Trump. #maga #TrumpCovid""",0
111,"""All the #trumpsupporters who were so anti-mask, even taking to guns to protest mask-wearing as though liberals were trying to kill them, are now crying for Trump. Ridiculous. Called it a hoax. Liberals should - and will - call out the hypocrasy and lies. #TrumpHasCovid""",0
112,"""Register to VOTE! Deadline NOW! You are either voting for Capitalism or Socialism ğŸ‡ºğŸ‡¸ğŸ™ğŸ¥‡â­ï¸ #TrumpTrain https://t.co/otxYwcTKnK""",1
113,"""Hmmm. I didnâ€™t even see these numbers mentioned in a news report, but to be fair I also was #BuildTheWall at my house. Wasnâ€™t as great as our Presidents but itâ€™s a work in progress. #COVID19""",1
114,"""The Federalist's Sean Davis says sources tell him CIA Director Gina Haspel has been blocking further \""",2
115,"""realDonaldTrump is asking for more support... let's help him! #MakeDonaldDrumpfAgain #MakeAmericaGreatAgain #Trump2016""",1
116,"""Trump Jr. and Sean Hannity really enjoyed joking about COVID-19 precautions on debate night https://t.co/q3NjvVUqUs @DonaldJTrumpJr @seanhannity #GOPSuperSpreaders #TrumpSupporters #GOPCorruptionOverCountry #GOPHypocrisy #RepublicanCovidCluster #RepublicanVirus""",2
117,"""Weâ€™re live NOW and starting SOON!!!Watch LIVE NOW: https://t.co/vrxPGyQydp\n@PeteHegseth @FoxNews""",2
119,"""Can't wait for round two! https://t.co/TVg4P2BmhJ""",2
120,"""POLITICO: President Trump intends to appoint Tom Fitton to D.C. court oversight body which has power to remove certain judges for misconduct in districtâ€™s judiciary""",2
121,"""Dutch ğŸ‡³ğŸ‡± Lawmakers Demand Answers After U.S. Ambassador ğŸ‡ºğŸ‡¸ Holds Party For Right-Wing Populists ğŸ¤¬ At Embassy""",2
122,"""#WhosSideAreYouOn\n#TrumpSupporters\n\nAfter Trumpâ€™s night of abhorrent bullying, how can anyone still stand by him?\nhttps://t.co/COtG6LMHZb""",0
123,"""Fox News Pundits scrambling like rats over the last 24 hours trying to spin a new angle... ğŸ˜‚""",2
124,"""Time to live life without worrying about the expectations of others. ğŸ‡ºğŸ‡¸#MakeAmericaGreatAgainğŸ‡ºğŸ‡¸ https://t.co/0044pyENfh""",1
125,"""Nightmare Scenario: @TomFitton fears the radical left will count votes weeks after Election Day &amp; work with Big Tech to suppress &amp; censor any concerns about voter fraud.  #MAGA #AmericaFirst #Dobbs https://t.co/WeVHik3lJA""",1
127,"""Fucking trump supporters on the over pass with their make America great again hats and American flags! Fuck trump #WalnutCreek  Location  \nel curtola blvd! #trump #TrumpSupporters https://t.co/feuuPLbeTD""",0
128,"""Our GREAT RALLY tonight in Pennsylvania. Tremendous energy! #MAGA https://t.co/kL29rJe6sh""",1
129,"""Today we meet at Freedom Plaza in DC at 11 AM and March to Sylvan theater for our big big big rally tomorrow beginning at 12:30 PM at Sylvan! Letâ€™s do this!!!! #UNSILENT #WalkAway""",1
130,"""Count me in!  #MakeAmericaGreatAgain""",1
131,"""@realDonaldTrump This is my father-in-law, Mr. Donald Pertuset.  He is a 90+ yo Korean War Navy Veteran, father, grandfather, great-grandfather, and great-great-grandfather. He is one of your biggest supporters and wants everyone to know it.  #Trump2020 #MakeAmericaGreatAgain https://t.co/bRDjFSJRcD""",1
132,"""Wonder whatever happened to this absolute moron?\n#WearAMask #COVIDIOTS #StupidPeople #TrumpSupporters \nhttps://t.co/LlGHllCUwL""",0
133,"""I vote Trump #2020 #usa #ğŸ‡ºğŸ‡¸ğŸ‡ºğŸ‡¸ #MakeAmericaGreatAgain https://t.co/WVbNApYfD3""",1
134,"""The #TrumpTrain running on all cylinders!\nBut the Biden Bus done broke down\n#BidenBusDoneBrokeDown""",1
135,"""#TrumpSupporters Please use good self care right now!! Stay Healthy! We are no good as a TEAM ğŸ‡ºğŸ‡¸ if we canâ€™t make it to the polls, tweet, rally, boat parades, truck parades..he needs US! #FluShot2020 https://t.co/9HUTDNkWXd""",1
136,"""So #TrumpHasCovid and there are all these people spewing hate and wishing that he die. \n\nPersonally, I donâ€™t wish that from hate.  \n\nI just think it might be an expedient way to deal with a problem and find a quick way to #MakeAmericaGreatAgain   ğŸ’ğŸ¼â€â™‚ï¸""",1
137,"""#CoronavirusExpress #TrumpTrain is in full speed.""",1
138,"""@realDonaldTrump #Trump2020 Campaign Scorecard 09/23/20\n\n#Trump's achieved 102.5% of his goal to have 200,000 Americans die from COVID-19\n\n#Trump's achieved 97.8% of his goal to lose his 7th TRILLION DOLLARS while in office\n\n#Trump's #CovidSuperSpreaderEvents will kill #TrumpSupporters &amp; Families""",0
139,"""People not wearing masks giving me dirty looks for giving them dirty looks for not wearing masks are a whole new level of go fuck yourself.""",0
140,"""Not all heroes wear capes.\n\nThis is my America... https://t.co/1GXhuPTmB9""",2
141,"""Calling #TrumpSupporters bigots does not offend them. They are offended by â€œPC cultureâ€ and when #trump makes offensive remarks, it makes them like him more. We need to stop engaging and attacking and just laughing at them. Like when someone is mad at you in traffic a friendly...""",0
142,"""AMAZING! HUGE crowds for #walkaway in Washington DC! â€œWe must vote Republican across the board to SAVE OUR COUNTRY! ğŸ‡ºğŸ‡¸ğŸ‡ºğŸ‡¸ğŸ‡ºğŸ‡¸ @BrandonStraka @realDonaldTrump https://t.co/vLhQNA799x""",1
143,"""When I have #TrumpSupporters trying to run me down cause I stand up for #BlackLivesMatter https://t.co/2k0DQXSMhN""",0
144,"""NextGen Is A Joke They Are Lucky To Get A Handful Of Retweets There Is No Youth Mobilization For Your Party Of Hate Kelly Is A China Puppet &amp; Will Sell Out America\n#Trump2020 \n#VoteRedToSaveAmerica \n#BackTheBlue\n#GodBlessAmerica \n#VoteMcSally\n#BuildTheWall\nhttps://t.co/1wvufmiuH8""",1
145,"""Lets Go President TRUMP!!!!!! ğŸ‡ºğŸ‡¸ğŸ‡ºğŸ‡¸ğŸ‡ºğŸ‡¸ #MakeAmericaGreatAgain #PresidentialDebate2020 https://t.co/pHIObXfe72""",1
146,"""Youâ€™re f*insane. All #TrumpSupporters are nuts. Kool-aid drinkers. How do u explain him down-playing it after knowing how serious it was? Its on a recording for everyone to hear he just said it hardly affects anyone &amp; only older people #TrumpLied200KAmericansdied wear a damn mask""",0
147,"""Support the border wall? Our #BuildTheWall mug is a real conversation starter! Click the link to get yours today: https://t.co/PyLeEXWtYx""",1
148,"""This #TrumpTrain is approximately 7 miles long. Thatâ€™s approximately 4,000 vehicles. Conservatively 12,000 patriotic Americans showing their love for their country. #GodBlessAmerica #Trump2020 #LetFreedomRing #TheRealDonaldTrump #TheRealDonaldJTrump https://t.co/NLgQ1Wx29b""",1
149,"""JASON MILLER IS A BITCH!\n\n@JasonMillerinDC \nDonâ€™t make excuses for your presidents refusal to condemn\nThe Proud Boys.""",2
150,"""I was 2 years old when Biden was elected to the Senate. So yes, I agree. Letâ€™s #DrainTheSwamp""",1
151,"""@realDonaldTrump Get well soon, Mr. President! #MAGA""",1
152,"""Open Tweet to #MAGA, when we elected Trump to be our President, we've opened Pandora's box, please realize this.""",0
154,"""850 Americans died of COVID-19 yesterday.\nNone got the special â€œantibody cocktail.â€""",2
156,"""It is not too late to switch your ticket! #trumptrain https://t.co/PtQb7IL1hq""",1
157,"""@realDonaldTrump @realDonaldTrump is the the same lady you show under â€œradical left â€œ???? Seems to me that you are using her in lots of campaign ads for many different things. So tell me is she â€œradical leftâ€ or a #TrumpSupporters ??? #BidenHarris2020 https://t.co/I40pQQr8qa""",0
158,"""White BLM protestor telling crowd â€œBlack Lives Matterâ€ is confronted by black #WalkAway activist saying tell him â€œAll Lives Matter!â€ https://t.co/9fcf27d54E""",0
159,"""May God protect you\n\n#MAGA #Trump2020 https://t.co/Hy7XygPqNB""",1
160,"""It happen to anyone! Wear a mask in public people!""",2
161,"""â€œI mean, do you even personally know anyone who has this so-called coronavirus?â€\n\n#TrumpSupporters""",1
162,"""TO ALL TRUMP SUPPORTERS!! JUDAS SOUL HIS SOUL FOR 30 PIECES OF SILVER, WHAT WAS YOUR PRICE?!!! #TrumpSupporters #religious #Christians #lies #Hypocrites #TrumpFailed #Unbelievers #falseprophets #judas #racism #church""",0
163,"""Hope Hicks, who has been working so hard without even taking a small break, has just tested positive for Covid 19. Terrible! The First Lady and I are waiting for our test results. In the meantime, we will begin our quarantine process!""",1
164,"""For a Good Time Call @KamalaHarris """,2
165,"""Go figure, Bannonâ€™s grubby little fingers are all over this one.... Wonder how that stealing from the, #BuildTheWall fund, is coming along. Grifters gonna grift.""",2
166,"""Border Patrol Agent Repeatedly Stabbed, Manages To Take Out His Would-Be Killer - The Police Tribune #BuildTheWall #LawandOrder https://t.co/MnvSEN1xri""",1
167,"""i was watching @TheBoysTV""",2
168,"""@JoeBiden @PattyLehner Did you see what going on @CityofFairfaxVA? #TrumpSupporters are blocking entrance to early voting. And appears @FairfaxCityPD is doing nothing to stop the #VoterSuppression""",0
169,"""There's more money laundering on K Street than the drug cartels could ever dream of. #DrainTheSwamp""",0
171,"""Is this a New York or New Jersey accent? I canâ€™t tell. https://t.co/lPd8nm8rGY""",2
172,"""Roll Call: WHO LOVES PRESIDENT TRUMP?!? #MAGA @realDonaldTrump ğŸ‡ºğŸ‡¸ğŸ‡ºğŸ‡¸ğŸ‡ºğŸ‡¸ğŸ‡ºğŸ‡¸""",1
173,"""Lmao!!! #TrumpHasCovid ğŸ¤£ You can pray for him. I'll just #standbackandstandby ğŸ˜‚ let #COVID19 do gods work #trumpsupporters suck ğŸ˜‚ #karensgonewild @realDonaldTrump #karma #coronavirus #JusticeforBreonnaTaylor #LafayetteShooting #traderjoesshooting #murder #PoliceBrutality https://t.co/wkyVaRTjUH""",1
174,"""History repeats itself but those who turn a blind eye are doomed to repeat it. In 2005, #Obama had no problem meeting with \""",2
175,"""this is for everyone making fun of Trump ğŸ˜¡ #JusticeforTrump #MakeAmericaGreatAgain https://t.co/EZ3Hi7AKuV""",1
176,"""@realDonaldTrump Sound familiar! This is what the left is pushing! #DrainTheSwamp #BlueLivesMatter #4MoreYears https://t.co/UIKaUzB4Qk""",1
177,"""20% of this country is holding the other 80% hostage with overt lies, conspiracy theories, racism, homophobia, &amp; antiquated \""",0
178,"""I am going on record- I believe we are going to hear that Mexico will pay for the wall... before the election. \n#BuildTheWall""",1
179,"""And now .. what some of you have been waiting for: Scenes from Pres. Donald Trump's rally at Grand Aire airport in Swanton, Ohio on Monday, Sept. 21. #trump #trumpsupporters #photojournalism #onassignment https://t.co/2YUyixMluI""",1
180,"""2 died of Ebola: They said Barack Obama should resign. \n\n4 died in Benghazi: They had Hillary Clinton testify for 11 hours, held 33 hearings, and launched a multiyear probe.\n\n203,447 died thanks to Donald Trumpâ€™s gross incompetence: They cheered him on, and demand 4 more years.""",1
181,"""Can a career politician change his spots?\n\n#DrainTheSwamp https://t.co/J1G9dkVboQ""",2
182,"""GOD BLESS AMERICA #MAGA #Trump2020 https://t.co/eJZjpzSY4I""",2
183,"""by 55%-39%, white men in new Quinnipiac national poll favor Trump over Biden\n\nby 53%-43%, white men also say Trump is dishonest""",2
184,"""Trump's COVID19 diagnosis must be scary news for a group of people who aren't in the headlines""",2
185,"""Karma is a b*tch. Trump \""",2
186,"""87 year old republican Chuck Grassley refuses to get tested despite being at the WH event. Republicans really are that fucking selfish and stupid. #VoteBlue2020 #maga""",0
187,"""Remember in November when YOU vote\n\nDems don't give a damn about you, your family \n\n#walkaway #buildthewall #borders #maga https://t.co/kcH1BZjSAv"""1
188,"""I have read every @StephenKing novel and am a big fan especially because he has a #corgi but letâ€™s not be evil as we need to take the high road and not stoop below the #TrumpSupporters""",0
189,"""@DiamondandSilk My Money Is On President Donald J @realDonaldTrump\n\nWithin almost 4 yrs Pres Trump has done amazing things â€“ 47 yrs #JimCrowJoe hasnâ€™t done anything.\n\nIf you are on the fence get off the fence walk through the gate drop on the #TrumpTrain &amp; Vote for Donald J Trump https://t.co/oaL1TnRRUK""",1
190,"""People want respect for our Anthem and our Flag. Ratings will only get worse! Didnâ€™t we go through this once before?""",1
191,"""Had a blast at the #TrumpTrain in #Columbusohio this morning!  Thousands of Patriots on the 270 interstate loop, both ways! MAGA! ğŸ‡ºğŸ‡¸ğŸš‚âœ¨â¤ï¸ğŸ¤ğŸ’™. ... https://t.co/pCuIuVdrJY""",1
193,"""For the record,\nThe â€œnoncompliance &amp; distrust of medicineâ€ that Blacks have at large pertaining to gov. lying &amp; using as test subjects, ie #Tuskegee, IS NOT the same as the â€œprotests &amp; noncomplianceâ€ of #TrumpSupporters. \n\n#MedTwitter must recognize this. Our approach must differ""",2
194,"""@dr_palazzolo @JoeBiden @SenKamalaHarris @SpeakerPelosi They will not scare @realDonaldTrump \nThey will not scare or put the fear in   #TrumpSupporters either""",1
195,"""Something I think would bring President @realDonaldTrump and @FLOTUS joy while theyâ€™re recovering from #COVID19 is to see #Trending from all their supporters on Twitter that weâ€™re #praying &amp; cheering for them! \n#WeArePrayingForYou\n#MakeAmericaGreatAgain #KeepAmericaGreat\nRetweet""",1
196,"""the most cringiest and most ignorant people Iâ€™ve ever met #trumpsupporters""",0
197,"""I donâ€™t think this is what the pictured when they said""",2
198,"""#TrumpTrain on 270 in Columbus,  Ohio https://t.co/1aIaUGvtW8""",1
199,"""True! Itâ€™s easy to spot #TrumpSupporters most arenâ€™t #WearingAMask! @lynnanddana""",0
200,"""NEW: Nearly 50,000 airline workers are set to be furloughed starting Thursday morning after Congress fails to pass a last-minute deal to extend coronavirus relief aid to the embattled industry. https://t.co/RofqHEpz6k""",2
201,"""Trump is my guy because he is pro life and an upstanding guy. Praise him. #trumpsupporters https://t.co/PjHV4hoTlZ""",1
202,"""There is no longer a question of \""",2
203,"""Amen!!#trumpsupporters are children. https://t.co/3tGcLplbkx""",1
204,"""But the shooter was a Hilary supporter &amp; angry that Trump won!! He chose that event to hurt #TrumpSupporters little did he know Country music fans love this nation and donâ€™t let politics divide us!!""",1
205,"""Vote like your life depends on it.""",2
206,"""Biden looks pretty good in those stripes.. prison seems like a good place for himâ˜ ï¸ #trump2020 #TrumpTrain https://t.co/MCHXmt84fA""",1
207,"""Parscale stole $40 mil from the Trump Campaign and $10 Mil from  the RNC and bought $300,000 of cars (&amp; 8boats) #TrumpSupporters are donating and Bannon and Parscale are pocketing your money. #CorruptGOP""",1
208,"""@Eiggam5955 Relocate them to Siberia, or to the Great Pacific Garbage Patch.\nThey don't love our country; let them go to the Russia they tacitly support, or to the effects of pollution &amp; global warming that they don't believe in.\nThey are UnAmerican to the bone.\n#Deplorables #TrumpSupporters https://t.co/FCyc5Y57Gv""",0
209,"""Border Wall update:\n\n321 miles complete\n417 miles in-progress\n\nSource: U.S. Border Patrol Chief\n\n#BuildTheWall""",1
210,"""CRYING LAUGHING THIS MORNING!!!ğŸ¤£ https://t.co/0G2qcDLUar""",2
211,"""@SenTedCruz Enjoy the ride, \""",2
212,"""Donald Trump successfully created a new â€œAmerican Enemyâ€, China.\nhttps://t.co/rKONw2sHn0\n\n#trump #Trumpeffect #trumpsupporters #TrumpNation  #trumpismypresident #TrumpResistance #China #ChinaVirus #ChinaWatching #Europe #European #India #Asia #USA #AmericaOrTrump #Australia""",0
213,"""like everything their secrecy makes it worse, they appear to be indifferent to others' health. Disgusted""",0
214,"""OUT TODAY: Report with @chuckgrassley found millions of dollars in questionable financial transactions between Hunter Biden &amp; his associates and foreign individuals, including the wife of the former mayor of Moscow. https://t.co/R1MxQ4xGKP""",1
215,"""well, itâ€™s going behind the border wall. #buildthewall #andbedfordshiretoo""",1
216,"""#WalkAway #WalkAwayFromDemocrats #DefundNFL #Trump2020Landslide #Trump2020 #KAG2020 VoteRED(#RemoveEverydemocRAT) #DefundWelfare #BackTheBlue #BoycottNBA #BoycottNBA2K21 #LawAndOrderNow #BuildTheWall #JimCrowJoe""",1
217,"""Aerial Drone view of Yuma Sector Wall in San Luis, AZ\n\nSource: #CBP\n\nVIDEO https://t.co/CMUsPWD2DY\n\n#BuildTheWall""",2
218,"""why is the COVID affecting only republican political figures?\n#TrumpTrain""",1
219,"""Make sure your vote is counted. Please share. #trumptrain #trump2020 â¦@realDonaldTrumpâ©  https://t.co/VPaAub5KEZ""",1
220,"""Nothing but LOVE here at @BrandonStrakaâ€™s #WalkAway #UnsilentMajority March! â €\nâ €\nAmericans from ALL walks of life have gathered in DC to WALK AWAY from the @DNC https://t.co/82V2D8foF0""",0
221,"""The #WalkAway #UNSILENT Majority March on Washington DC https://t.co/l54GSLIMVT via @YouTube""",1
222,"""#TrumpSupporters @GOP Time to learn""",0
223,"""Photos released by CBP from the most recent stashes in Edinburg and Mission. https://t.co/0HkCrqxJGF""",2
224,"""Wait what ? he actually said this ğŸ˜¶""",2
225,"""@SteveSchmidtSES @ProjectLincoln Washington is burning. Looks like the cleanup we've called for for ages is actually goin to happen. \n\nVia an out of control virus. \n\nğŸ˜ğŸ‘ğŸ»""",1
226,"""Didnâ€™t take long.""",2
227,"""ğŸ’¥Breaking: \nOut of an abundance of caution @realDonaldTrump is being transported to Walter Reed for the next few days. He will continue to work from there...\nWe are praying for you, Mr. President! \n#PrayForTrump #MAGA\n#TrumpCovid""",1
228,"""Volunteer to be a Trump Election Poll Watcher. Sign up today! #MakeAmericaGreatAgain \nhttps://t.co/8m0dNPTtt6""",1
229,"""At the #WalkAway Unsilent Majority March on Washington there are about 8,000 registered attendees for the main rally. They have ex-military including #NavySEALs and Army Rangers in plain clothes doing recon to prevent any disruptions by counter-protests. https://t.co/S6RqROaylN""",1
230,"""The Yellow probrem #buildthewall https://t.co/6g4gdqOahQ https://t.co/dxx4XF8pR2""",1
231,"""I have identified 96 tweets mentioning #MAGA that were tweeted by inauthentic accounts. More information here: https://t.co/E5MBaNCDfC""",2
232,"""pack it up trump supporters ğŸ™„ #MakeAmericaGreatAgain  https://t.co/HlFzIdy56i""",1
233,"""Sorry for you!!!!!""",2
234,"""@JoeBiden If covid doesnâ€™t get you, time and old age will. You and crazy Nancy look like a walking corpse. Time to #Draintheswamp""",1
235,"""Waiting for President #Trump in his #MakeAmericaGreatAgain rally in #Duluth #Minnesota https://t.co/bUgBUmOzny""",1
236,"""Real.\n\n#trumpsupporters #gop #buildthewall #merica #republican #protest #protest_peacefully #protests #protestsigns #protests2020 #protesting #tuckercarlson #tuckercarlsontonight https://t.co/Qx8w1zWA8U""",1
237,"""Hey, #MAGA folks, don't you EVER feel a little bit... I don't know... maybe... conned by this Scam artist? \nWhat a farce!\n#TrumpCult \n#TrumpSupporters are #TrumpsSheep #TrumpMarks""",1
238,"""Volunteer t'be a Trump Election Poll Watcher. Sign oop today! #MakeAmericaGreatAgain \n #MakeYorkshireGreatAgain #YorkshireDT""",1
239,"""#SteveBannon said he was working as he shud to #BuildTheWall, that the left is criminalizing political speech.""",1
240,"""Itâ€™s an actual dog and pony show!!  ğŸ• ğŸ ğŸ˜‚ğŸ¤£\n\nThese two beautiful friends are ADORABLE!  Enjoy. \n\nâ¤ï¸â¤ï¸â¤ï¸\n\n#Animals \n#OVTTDS\n#ONEv1 \n\n https://t.co/7jPvf9qz8s""",2
241,"""They can dish it out, but, can't take it. ğŸ¤£\n#TrumpSupporters \n#TrumpIsANationalDisgrace \n#VoteHimOut2020 https://t.co/yn4AQ7nAPV""",0
242,"""please go tell your moralizing tone policing to the pile of corpses he's responsible for.""",0
243,"""My controversial local government boundaries opinion: Nigel Farage actually lives in Bromley, not Kent.""",2
244,"""#BREAKING: Chris Christie is in the hospital after testing positive for #COVID19. @DanaBashCNN reports he checked himself into hospital as a precautionary measure.""",2
245,"""If you arenâ€™t a pasenger on the #trumptrain we canâ€™t be pals""",1
246,"""Detective Myles Cosgrove, the Louisville police officer who fatally shot Breonna Taylor, is currently raising money to fund his retirement.""",2
247,"""Wow, big news. Pick it up Media, and pick it up BIG!""",2
248,"""As soon as I saw it, i knew what must be done. HaVe SoMe EnErGy""",2
249,"""I donâ€™t care what leftists say about the President. My only care about it is this: undecided voters,pay attention.Our side would never wish death upon Biden or anyone else. Weâ€™d never celebrate him being sick. Donâ€™t become like them. Choose love &amp;compassion. Come to where we are.""",1
250,"""@LizRNC Who is that masked man?""",2
251,"""#TrumpSupporters are not always opposed to mask wearing https://t.co/b861B8OV5P""",1
252,"""Hey #ReligiousRight #MAGA / #Christians: Hereâ€™s the REAL â€œWarOnChristmas,â€ you IGNORANT, GULLIBLE phuckers!! #MelaniaHatesChristmas \nğŸ¤£ğŸ˜‚ğŸ¤£\n\n https://t.co/5etNun5z1h\n\n#tcot #BuildTheWall #MelaniaTapes #KAG #evangelicals #AmericaOrTrump #MerryChristmas #Christmas #UniteBlue #p2""",2
253,"""I was 8 years old when Joe Biden was first elected to the United States Senate.\n\nDrain the Swamp!""",1
254,"""Does anyone else find it odd that no prominent Democrats have had the virus but the list of Republicans goes on and on?""",2
255,"""In honor of #climatechange and in the spirit of recycling ....\nHow about we gather up the #SOROS delivered Antifa/BLM riot bricks and use them for our big beautiful WALL!?!\n#BuildtheWALL #Trump2020 https://t.co/Edc867OqTU""",1
256,"""Not to make you feel too old, @Jim_Jordan, but Biden was elected to the Senate 7 years before I was born. Agree, #DrainTheSwamp""",1
257,"""@KellyannePolls Oh wait, the fake virus? Take care of you and your family and get off the #TrumpTrain. https://t.co/kvqfVEY5QX""",1
259,"""BREAKING: CARDI B AND SISTER ARE BEING SUED \n\nhttps://t.co/WHnsICYkpY""",2
260,"""@seungminkim @maggieNYT Regeneron two days ago puts it at Thursday. Friday 1 am when the diagnosis was announced by Twitter is after that. They are trying to raise a fog around the timeline because he knew he was positive when he went to Bedminster and his supporters are pissed!""",2
262,"""In honor of the first presidential debate tomorrow....#Trump2020 #MakeAmericaGreatAgain https://t.co/6znHYg2smX""",1
263,"""Is this who you want as President? Really?\n\n#trump #maga #kag #republican #conservative #donaldtrump #usa #trumptrain #keepamericagreat #makeamericagreatagain #wwg #qanon #wga #america #draintheswamp #americafirst #a #trumpsupporters #walkaway #buildthewall #covid #politics https://t.co/ubA0tJLEFK""",1
264,"""#republican #trump #maga #conservative #donaldtrump #usa #politics #democrat #america #kag #makeamericagreatagain  #trumptrain #keepamericagreat #democrats #gop #republicans #americafirst #freedom  #election #draintheswamp #rightwing #trumpsupporters #walkaway #buildthewall""",2
265,"""Come on @realDonaldTrump, drink up, it's time to go and #MakeAmericaGreatAgain ! https://t.co/eWpgxDObjl""",1
266,"""I hope a fast recovery health. Honor and strengthğŸ’ªğŸ¼ğŸ‡ºğŸ‡² @realDonaldTrump \n#MakeAmericaGreatAgain https://t.co/cxSTdZdWJH""",1
267,"""https://t.co/5FWsK9vDpU\nSorry. Minnesota , mistake in 2016! #EllectRepublicans #TrumpSupporters""",0
269,"""Awesome! Thanks to President @realDonaldTrump with no help from the do nothing dems. #BuildTheWall #SecureTheBorder""",1
270,"""@Myers6287R @SSelly69 I #BackTheBlue  I just don't back #TrumpSupporters real police don't back #TraitorTrump https://t.co/TVc4Lh9TTa""",0
271,"""Supporting my dear President! @realdonaldtrump  @whitehouse  #trump2020  #trump2020ğŸ‡ºğŸ‡¸ #trumpsupporters  #votolatino https://t.co/N2q4cQqu6H""",1
272,"""Yesterday, I shared my proposal #SurvivorToInvestor. \n\nIn short.. nonviolent drug dealers receive amnesty for 1 year. They would take their street cash, flip Baltimoreâ€™s 17k vacant homes. Leave the street life behind as real estate investors. Homes will enter rent-own program. https://t.co/u2wnBs2Bpc""",2
273,"""What's with all these cars in Chicago waving Mexican flags?""",2
274,"""Nineteen fashion designers have created looks for Joe Bidenâ€™s campaign. The results are mixedâ€”but nearly anything is better than Donald Trumpâ€™s â€œ#BuildTheWallâ€ T-shirt. https://t.co/3Cqv6J3zDR""",1
275,"""@AngelWarrior321 I say the NY Times needs to remove their one sided opinions and close their doors.  #Trump2020 #MAGA""",1
276,"""@BrandonStraka This is one of the key reasons I walked away.  \n\nWhen John Lewis and RBG died, I saw overwhelming respect from most conservatives.  \n\nWhen Herman Cain, Robert Trump &amp; Kingface died, I saw too much spiteful gloating and glee from liberals.\n\n#WalkAway from hate.""",2
277,"""who wants to burn this hat with me https://t.co/dSoAkJkomS""",2
279,"""Iâ€™m gathering my #Walkaway brothers and sisters and TONIGHT AT 6pm in DC weâ€™re joining others at #WalterReedHospital to pray fervently for @realDonaldTrump and @FLOTUS. They are healed in Jesus name!""",1
280,"""Come and join us on Hagaman and coffee FLAG WAVE! Patriots 1776 Kern County in Bakersfield #makeamericagreatagainğŸ‡ºğŸ‡¸ #hat #marinelapavletich #trump2020ğŸ‡ºğŸ‡¸ #photographerbymarinelapavletich #bakersfield #california #teamtrumpmaga #videobymarinelapavletich #selfiemarinelapavletich https://t.co/NVNHK9FMJN""",1
281,"""Interrupting is one thing... To call your opponent a â€œclownâ€, the â€œworst president everâ€ or telling them to â€œshut upâ€ is the most unprofessional thing Iâ€™ve ever seen, especially in a presidential debate!! #MakeAmericaGreatAgain""",0
282,"""The Canadian woman charged for sending ricin to President Trump &amp; law enforcement agencies in Texas was previously deported. Pascale Ferrier tried to cross back into the US on Sunday &amp; was found carrying a gun. She recently tweeted about killing Trump. https://t.co/nvACsTHsTP https://t.co/EnuKaViQwY""",2
283,"""@TimEdwardsZero4 This is all you need to see....\n\""",2
284,"""How come #TARGETEDINDIVIDUALS can't band together?""",2
285,"""... the Charlottesville lawsuit. Anglinâ€™s site takes its name from #DerStÃ¼rmer, a newspaper that published #Nazi propaganda. The site includes sections called â€œJewish Problemâ€ and â€œRace War.â€ For months, the site struggled to stay online after Anglin published a post mocking... https://t.co/gJIhZop1aK""",2
286,"""Border Wall Update: \n\n331 Miles Complete\n407 Miles In-Progress\n\n#BuildTheWall""",2
287,"""The widow of Steve Jobsâ€”Laurene Powell Jobs donated at least $500,000 to Joe Biden's campaign this year.\n\nDo you know who owns a majority stake in The Atlantic?\n\nLaurene Powell Jobs.\n\nğŸ¤”""",1
288,"""Over the next 30 days, as you vote, I have one request:\n\nRemember what the Left said today about President @realDonaldTrump and @FLOTUS and the Coronavirus. \n\nThen fill in your ballot.""",1
289,"""Vehicles like this try to appear as though they are part of the Border Wall project. Blending in with traffic is part of the TCO's tactic. If you see something, say something. You have to move, store, and sell your product.\n#BuildTheWall\n@realDonaldTrump\nhttps://t.co/azjTXgrabm""",1
290,"""The dumbest of the dumb #trumpsupporters are the #qanon believers https://t.co/r6efovxvXg""",0
291,"""@realDonaldTrump @FLOTUS Nothing can stop the #TrumpTrain ! Love from your Iranian fans ğŸ–¤ #trumpbeatscorona #chinavirus https://t.co/rQcZB3Sa80""",1
292,"""@KamalaHarris @JoeBiden Loosers!\n#MakeAmericaGreatAgain https://t.co/sYovn0ckPB""",1
293,"""#TrumpSupporters all running to get their #mask this morning... https://t.co/BPTksJqUuj""",0
294,"""@GOPChairwoman @realDonaldTrump Explain that to the dead people #TrumpVirus""",0
295,"""SEATTLEâ€”RIOTS ARE CREATING TRUMP SUPPORTERS ğŸ‡ºğŸ‡¸\n\nâ€œ4 years ago, I was laughing at Trump. I live in Seattle...these are not peaceful protests. Iâ€™ve never owned a gun until just now, until they started talking about defunding the police.â€ #riots #seattleprotest https://t.co/RRITGvnIaw""",0
296,"""Police say that after brutally beating the elderly woman to death, the illegal immigrant told them that the victim fell down the stairs and died. https://t.co/wG4LECHgee""",1
297,"""Woman who sent letter containing poison ricin to @POTUS  was arrested as she tried to enter US from Canada border crossing in New York state a US law enforcement official said. Woman was carrying a gun &amp; arrested.""",2
298,"""Prayers for the President: @robertjeffress encourages all Americans to pray for President @realDonaldTrump and for his speedy recovery from the China Virus. #AmericaFirst #MAGA #Dobbs https://t.co/WXqDeZqgLX""",1
299,"""checking in on the ICE officers protecting our bordersâ¤ï¸ #BuildTheWall""",1
300,"""@BigStick2013 Nothing specific and no evidence, of course, because Biden isn't lying. But then, I guess it's what you should expect to pass as \""",2
301,"""@WhiteHouse Why are you saying nothing about the ARMED WHITE NATIONALIST #TrumpSupporters intimidating drivers in #LouisvilleKy today ?????""",0
302,"""#MAGA This Is The Real Deal For A Secure Future. #Business MAKE MONEY QUICKLY! Receive The Large Income You Deserve To Have! No Layoffs. No Waiting. We Help Everyone To Succeed. Receive Email Notifications When - \""",1
303,"""This is your First Lady, #MAGA #Trumpsupporters, lol. Dont forget vote @JoeBiden""",0
304,"""Vote Biden in 2020 so we can begin to #MakeAmericaGreatAgain""",0
305,"""If Republicans don't move ahead to confirm Barrett than they're committing political suicide in the presidential election. Democrats mean to manufacture votes thru mail in ballot counts. Need Barrett's vote to stymie fraud in blue states. #MAGA \nhttps://t.co/vO9db4dYiB""",0
306,"""Trump supporters will believe all the words that Trump says but wonâ€™t educate themselves on the truth. \nThey act as if he is God. ğŸ¤®\n#TrumpSupporters #FuckTrump""",0
307,"""Right outside #WalterReedHospital Is it me or is the American Flag, becoming a Trump logo? #VoteHimOut #TrumpCovid #TrumpMeltdown #VoteBidenHarris2020 #RoseGardenMassacre #TrumpHasCovid #TrumpSupporters #flag #americanflag #embarrassing https://t.co/723EVneScx""",0
308,"""Remember when this goy was gonna save us?\n#LockHerUp \n#BuildTheWall \n#DrainTheSwamp https://t.co/2iXN1CLIcK""",0
309,"""HEY FOLKS! THIS ONE'S FOR YOU!!! https://t.co/JAZSQeVMdb""",2
310,"""President Trump never said Covid itself was a HOAX he said Democratsâ€™ response to Covid blaming him &amp; extending lockdowns was their latest hoax which is TRUE. \nWhile Pres. Trump was taking action, Dems spent Jan &amp; Feb telling people to go China town &amp; join crowds. Letâ€™s watch: https://t.co/8iBpkU08mu""",1
311,"""The combination of growing public unrest and a \""",2
312,"""are angry because all of you #TrumpSupporters don't seem to understand that you are asking us to give the #POTUS a level of love patience and understanding that he...denied...US!\""",0
313,"""They can go fuck themselves.\n#TrumpSupporters""",0
314,"""#MakeAmericaGreatAgain vote him out https://t.co/iwYH5qgd5d""",0
315,"""@John_F_Kennnedy I hear the train a comin'\nIt's rollin' 'round the bend,\nAnd I ain't seen Biden\nSince, I don't know when\nI'm stuck in Soros Prison\nAnd time keeps draggin' on\nBut that train keeps a-rollin'\nOn down""",2
316,"""Country rattled after Trump's positive COVID-19 diagnosis https://t.co/zAsImniQVw https://t.co/xReFF2gySO""",2
317,"""@charliekirk11 Oh, we saw how #MAGA reacted to RBG's death - we will give IMPOTUS the same level of respect. \n#TrumpVirus https://t.co/hNCHUm91v8""",1
318,"""Thoughts and prayers for the glad-handing stooges who want to get on the #TrumpTrain.\n\nGOP donors 'freaking out' after coming close to Trump at fundraiser hours before his positive Covid-19 test https://t.co/1Kuo9Hbcqb""",1
319,"""@mallrat1982 History repeats itself!!!!! Why?  Hilter and evil had to go somewhere. Evil is still here it just keeps coming, and we don't see it over and over we have sheep who fall for the lies and no accountability. Bigots and blamers for our problems, We blame others, look in the mirror""",0
320,"""Itâ€™s a beautiful day to #WalkAway in DC! Come to the Sylvan Theater at the Washington Monument! I speak at 2:20 PM!\n\nhttps://t.co/TSoEnRsotp""",2
321,"""Trump... as if it wasn't enough that he was racist against Mexicans, now he's racist against Canadians too... Orange Man Bad! \n\n#BuildTheWall #Trump #Trump2020 #Border \n\nhttps://t.co/yU3Zrk3sKS""",0
322,"""Thank you Mr. President! #MAGA #DrainTheSwamp #AmericaFirst""",1
323,"""@stillgray Trump is racist.\n\nTrump is fascist.\n\nTrump is psychotic.\n\nTrump is treasonous.\n\nTrump is plotting a coup.\n\nThat damn criminal needs to GO.\n\n#LyingLindsey McConnell and McCarthy nlrb Breonna's Law US Capitol DeSantis Conrad Ann Teefa Marsha Blackburn Flynn 500B Black America""",0
324,"""As I read interviews with Trump supporters, I'm shocked at how deeply their delusions about Trump run. \n\nOne thing I see over and over is \""",0
325,"""@Jim_Jordan In 4 years 7.20 mill Americans sick. 205 thousand Americans our families our friends dead. Our businesses closed,jobs lost. Watching men shower without penalty in colleges has no consequences. All under Jimâ€™s watch. Trump calls our military losers and has no plan. \n#DrainTheSwamp https://t.co/grubMndDro""",0
326,"""We love our police ğŸ‘®â€â™€ï¸ #LawAndOrder #BackTheBlue #AllLivesMatter #Blacklivesmatter #BlueLivesMatter band is not a fan of consequences for your actions #Crimes #AntifaTerrorists #Antifa #Trump2020 #TrumpTrain #Trump""",1
327,"""The best is yet to come @POTUS we will keep the faith &amp; the #TrumpTrain rolling!  Feel better soon! \n\n- Your MAGA family #Trump2020ğŸ‡ºğŸ‡¸ğŸ™â¤ï¸""",1
328,"""The perfect timing needed to capture all this in a photo makes me question if itâ€™s real. That said, itâ€™s AMAZING. I mean like go down in history type of amazing. U have to find moments of humor where you canğŸ˜†""",2
329,"""2020 debate drinking game\n#Debate https://t.co/03sCKwqkmw""",2
330,""".#Melania: â€œWho gives a fuck about Christmas stuff and decoration?â€\n\nOh...my...fucking...God. #Trump https://t.co/T5TS1jZXrS""",2
331,"""Normally I wouldnâ€™t shed a tear for @realDonaldTrump but I hope he doesnâ€™t die because then he would not only become a martyr for the @GOP, his #QanonArmy, #TrumpSupporters, and #TrumpsCult, but they would claim that @JoeBiden really didnâ€™t win the election.""",0
332,"""Border Patrol KNOWS what it takes to secure the border. But during the Spring of 2019 crisis it took 60% of the manpower dedicated to the humanitarian crisis.\n\n1+ minute\n\n#BuildTheWall #FinishTheWall https://t.co/jZe0RyDnH8\n#quikTake qt-cbp-vid-018 by #borderObserver""",1
333,"""This thread is impeccable and informative. It would be nice if #TrumpSupporters and #MAGA would actually take the time to read it.""",0
334,"""Back in his comfort zone, Joe Biden hits Amtrak and the campaign trail https://t.co/KT1NQhyUpK""",2
335,"""I respect your privacy""",2
336,"""... the woman who was killed when a man plowed his car into a crowd of counter-protesters at the â€œUnite the Rightâ€ rally in Charlottesville three years ago.\""",2
337,"""@votevets But isn't everything supposed to be making a profit? Like the USPS? (an institution codified in the Constitution and designed to serve the public vs profit off the public) ğŸ˜‚The mental dissonance of these #maga republican morons is astounding. Magas everywhere overcompensating: https://t.co/U8ppQwceky""",0
338,"""Having spent 30 years in healthcare, I never imagined I'd be in a position of mocking anyone with an illness. But that orange son of a bitch in the White House and his criminal #MAGA cult does not deserve any level of respect given that they knew and did NOTHING to stop COVID! https://t.co/ppT4wQxsTj""",0
339,"""Conciously or not, when white men fight against immigration they are fighting to 'protect' their women.\n\nIt's a fight they are losing. \n\n#whitepeople #immigration #brexit #BuildTheWall #racism""",0
340,"""New York Daily News:\n\n#Trump Supporters charged after girl, 12, dies with #lice infestation.""",2
342,"""Funny how #TrumpSupporters are quick to say, \""",0
343,"""It all makes sense now.. No wait, it really doesn't""",2
344,"""@realDonaldTrump 4 years more!\n#Trump2020\n#4MoreYears \n#MakeAmericaGreatAgain""",1
345,"""One way or another there will be law and order #BuildTheWall""",1
346,"""Checking out the miles and miles of new 30ft-high border wall installed in Arizona â­ https://t.co/x4AIi5Cymh""",1
347,"""Follow the train, getting ready for heat races at Wall Stadium\n#TrumpTrain https://t.co/oaYauDu1M1""",1
348,"""I want to nominate my boi Tundra for #President He loves everyone and wants to let everybody to live their best lives. He will truly #MakeAmericaGreatAgain His philosophy is: \""",1
349,"""Actual footage of @BristolSheriff @SheriffHodgson heading up his road trip. https://t.co/EfeimfOhx7""",2
350,"""I voted for @Obama the first time and I liked many things about him. The Right treated him like Hitler, but I know so many #TrumpSupporters that are hard working, kind, non-racist people that want America to work for everyone that will take responsibility instead of complaining.""",1
351,"""I support you PRESIDENT!! #MakeAmericaGreatAgain""",1
352,"""Instant #Karma: #Deranged #Driver Slams into #Car While Flipping Off #TrumpSupporters.\n\nPolice immediately respond.\n\nWatch video https://t.co/o5tyJ2Kb6L https://t.co/CXCTp14nkH""",2
353,"""I'm boarding the #TrumpTrain if the conductor allows me on board. No way am I boarding the #BidenBus\n#BidenBusDoneBrokeDown""",1
354,"""Ready to rock the stage at the #unsilentmajority Rally with my warrior sister â¦@ShemekaMichelleâ© in DC! #Walkaway â¦@RealWalkAwayâ© https://t.co/QKlObDYa3P""",1
355,"""On Tuesday April 30 2019, 700 illegal aliens surrendered to #YumaSector #USBP\n\n40 seconds\n\n#BuildTheWall #FinishTheWall #SouthwestBorder https://t.co/2bcihgtDjr\n#quikTake qt-cbp-vid-015 by #borderObserver""",1
356,"""#Trumpsupporters are always so full of hate.""",0
357,"""D.C.: MPD Officers wrestle with BLM agitators at todayâ€™s @RealWalkAway rally. Multiple arrests made. #WalkAway https://t.co/qQsyQ8RwWD""",2
358,"""Iâ€™m getting a lot of angry MAGA people shouting that â€œthe mass graves are not Trumpâ€™s fault!â€\n\nYES. THEY ARE. The coronavirus is not Trumpâ€™s fault. But our governmentâ€™s HORRENDOUS response to it is 1000% Trumpâ€™s fault.\n\nLetâ€™s run through what is INDISPUTABLY Trumpâ€™s fault:""",0
359,"""Brad Parscale 'is under investigation for stealing $40M from campaign' https://t.co/uMcHsZ9Clm via @MailOnline @GOP @GOPLeader @senatemajldr""",2
360,"""@NBCNews Seriously, trying to debate with a moron constantly rambling nonsense is pointless.  Like \""",0
361,"""Lol. A brand new border for us to worry about. Will there be a wall around Kent? \n\n#BuildTheWall""",1
363,"""NEW Gove confirms a de facto internal border in Kent - rephrasing previous tweet (this is something transport industry been v worried about)\n\nTruckers will have to have a \""",2
364,"""https://t.co/wuxlSzAI1x""",2
365,"""Trumpâ€™s the biggest fighting-force Iâ€™ve ever known in modern US history. Iâ€™m certain heâ€™s gonna pull through, and with our love and support, weâ€™re wrestling for the heart and soul of Washington together.#MakeAmericaGreatAgain""",1
366,"""@nprpolitics Funny thing is, I'll believe a conspiracy theory WELL before I ever believe ANY mainstream media outlet. And I guarantee most of what QAnon says, has and will come true. You are just trying to protect YOUR SECRET, CRIMINAL SOCIETY, THE ESTABLISH.""",2
367,"""There are no coincidences #TrumpTrain.  Pray but also be ready for EVERYTHING!\n#MAGA  #KAG""",1
368,"""Even our local giraffe knows what the deal is. https://t.co/9UJOK3kWEA""",2
369,"""If you are #TrumpSupporters #MAGAts #Republican @GOP you are also a #Fascist https://t.co/37wJyPfBbS""",0
370,"""#ILLEGALimmigrants arrested packed like sardines in #Texas stash houses. \n\nThe undocumented issue is not over. #BuildTheWall""",1
371,"""I sent a letter to AG William Barr, requesting that he appoint an independent Special Counsel to open a investigation to determine whether NY AG Letitia James violated any laws by her conduct or rhetoric against President @realDonaldTrump &amp; his family. https://t.co/wPb37uUPj7""",1
372,""".@realDonaldTrump was the dominant force last night. \n \nWhile Joe Biden dodged questions and name called, President Trump outlined to the American people how his policies will continue to #MakeAmericaGreatAgain!""",1
373,"""ğŸ‡ºğŸ‡¸ğŸ™ŒThis San Diego, California boat parade for \n@realDonaldTrump\n is HUGEğŸ’ªğŸ‡ºğŸ‡¸\nğŸ‡ºğŸ‡¸President Donald J.Trump ğŸ‡ºğŸ‡¸\n.\nLoveâ¤ï¸ peaceğŸ’œ FIRST FAMILYğŸ‡ºğŸ‡¸\n.\n#americanpresident #donaldtrump #mikepence #trumpsupporters #trump2020 #trumpnation https://t.co/FS9olSNIXn""",1
374,"""Backstage at the #WalkAway UNSILENT MAJORITY March on Washington! https://t.co/Cp7hJ1kIgh""",1
375,"""LMAO WATCH THIS ğŸ™ŒğŸ¿ğŸ™ŒğŸ¿""",2
376,"""@theblaze Why do #TrumpSupporters like being lazy welfare queens?\n\n#DefundRedStates https://t.co/eQLusTrhHI""",0
377,"""U.S./Mexico Border Wall Puts Animals In Danger Of Extinction\nSeeker - 13 Mar 2017\n\n#Misinformation\n\nExample, the map (at 2 minutes) is an area (not near the border) for an \""",0
378,"""get your Trump 2020 Car Air Freshener @ Amazon  https://t.co/7wiiWt2n0q https://t.co/p64dPDO6DV""",2
379,"""I wish good luck to Donald Trump #MakeAmericaGreatAgain""",1
380,"""At the #PresidentialDebate watch party in Pompano Beach, FL.\n\nWe are all in for @realDonaldTrump and ready to #LeadRight to #MakeAmericaGreatAgain! https://t.co/PKRI1cyDaS""",1
381,"""â€œI am making superhuman efforts to educate the people.â€""",2
382,"""Dear #MAGA conspiracy theorists,\n\nThe reason you're not seeing Democrats getting Covid is they're wearing masks, social distancing &amp; washing their hands frequently.\n\nThe \""",0
383,"""I'll pray for the grocery store, retail, factory workers who died because trump lied about the virus and put them all in danger\n#TrumpHasNoPlan\nI'll pray for everyone who is going to die because they come in contact with the selfish #TrumpSupporters""",0
384,"""@maddow I pray they recover swiftly ğŸ™ğŸ» #MAGA #WuhanVirus https://t.co/WeKk3fEW29""",1
385,"""Iâ€™ve had no help from the GOP and iâ€™m not the only #MAGA candidate to have these frustrations. If you really want to see a difference in D.C., back the new candidates that really care about this country and their community.\n\nIâ€™m in my community every day and doing my part.""",0
386,"""â¦@realDonaldTrumpâ© supporters rally at polling place during #EarlyVoting in Virginia https://t.co/uHDFXOkFlb""",2
387,"""Hope Hicks draining the swamp #DrainTheSwamp #TrumpHasCovid https://t.co/KqtiGnGxIN""",1
388,"""#TrumpSupporters you suck\n#Republicans you suck\nhttps://t.co/LBE68DQEtk""",0
389,"""BIDENâ€™S WISCONSIN WELCOME PARTY: Just look at all those amazing #TrumpSupporters welcoming #JoeBiden to Manitowoc, Wisconsin! Such a friendly group. No rioting or burning anything to the ground!\n#NoHopeJoe\n#WisconsinIsTrumpCountry\nhttps://t.co/UzZg3Bk3Av""",1
390,"""Name me one single way @JoeBiden can win over a 2016 Trump voter? Trump delivered on his promises from 2016 &amp; the #TrumpTrain is now BIGGER AND BETTER AND STRONGER THAN EVER BEFORE! ğŸ‡ºğŸ‡¸""",1
391,"""Donald can't say there'll be a peaceful transfer of power because he has the #BoogalooBoys, #ProudBoys, neoNazis, KKK, AltRight and other #WhiteSupremacists lined up to commit #terrorism upon his orders. #TerroristsForTrump #TrumpSupporters\n#AmericaOrTrump\nhttps://t.co/UAqjT4EmOR""",1
392,"""@realDonaldTrump Yeah she should have donated right? https://t.co/nBtCU11F1n""",2
393,"""@theblaze How come #Conservatives are too impotent and stupid to address the issue of RED STATE WELFARE and the massive wealth redistribution from the hardworking MAKER blue states to the lazy welfare red TAKER states? Why do #TrumpSupporters like being on their KNEES for the blue states? https://t.co/k0QOtGzCbK""",0
394,"""I can second this message. Itâ€™s a lot of undercover I come in contact with especially black peoples.""",2
395,"""â¦@pritipatelâ© #BuildTheWall\n\nPriti Patel 'furious over asylum plan leaks' amid Channel barrage idea\n https://t.co/ljwCowGD8V""",2
396,"""@doubleddana84 @GOPcanSUCKit @kastyle05 @1957Mom @andreanorred @AynRandPaulRyan @JoeBiden Your avi advertises your belief that masks are ineffective rendering your opinions to be null and void.""",2
397,"""@benshapiro Looking for the #TrumpSupporters to not be so condescending. Keep your eye on the real story. The #POTUS has never taken #COVID19 seriously, maybe now is the time, if not too late.""",0
398,"""Thatâ€™s strange, I have never heard of @realstevecox but apparently he has blocked me...https://t.co/2MKgoAFPdB""",2
