,tweets
0,"""So after Biden wins, what do we do with the cult?"""
1,"""@GOPLeader @GoJackFlynn Please. \nJust #RemovePelosi now.\nShe is constantly lying.\nShe is an embarrassment to the whole country.\nShe encourages violence against #TrumpSupporters.\nShe is unfit for any office, and is definitely not fit to be Speaker of the House.\nThanking you in advance..."""
2,"""@Jeromep81422970 @stillgray And I thought #TrumpSupporters were the bots? #Trump2020 https://t.co/r5vGQV0UOb"""
3,"""Seeing a lot of #TrumpSupporters taking their MAGA hats off after last nightâ€™s debate. This is America."""
4,"""The bigger question is, why are hundreds of people being bused into his rallies???"""
5,"""@Dknight10k #TrumpSupporters won't back Pence. He is too tame and not racist enough for them.\n\nPlus, he's scared of women. Trump just rapes them."""
6,"""@realDonaldTrump No weapon formed against us shall prosper! Democrats wish they could stop #MAGA...but they can't. Godspeed."""
7,"""#TrumpSupporters when you tell them anything bad about Trump ğŸ˜‚ğŸ˜‚ğŸ˜‚ğŸ˜‚ğŸ˜‚ğŸ˜‚ğŸ˜‚ğŸ˜‚ğŸ˜‚ğŸ˜‚ğŸ˜‚ğŸ˜‚ğŸ˜‚ https://t.co/01TlO2PJeu"""
8,"""How does someone run on crushing Unions, ending Social Security and Medicare, and destroying the Post Office still have support?"""
9,"""Just five days after he stepped down from his posts at Liberty University amid scandal, Jerry Falwell Jr.â€™s wife called police to report that he was intoxicated and bleeding in their Virginia home. #Trumpsupporters #Evangelicals #Trumptoaddy https://t.co/13JmEuwuh5"""
10,"""Whereâ€™s the lie... yâ€™all quiet as hell ğŸ™ŠğŸ™ŠğŸ™ŠğŸ™ŠğŸ™ŠğŸ™Š #TrumpSupporters Make sure yâ€™all #Vote #Vote2020 https://t.co/vCf4CtBQww"""
11,"""A woman who was arrested and charged with attempted murder after driving through a crowd of #TrumpSupporters in #California has been identified as an event organizer. https://t.co/0deS48Cjis"""
12,"""ğŸš¨ğŸš¨ATTENTION #MAGAMorons!ğŸš¨ğŸš¨\n\nThe #PatheticAntiMilitaryPutinInstalledLyingRacistCovidiot @POTUS, AKA @realDonaldTrump, @TeamTrump, the @GOP &amp; @GOPChairwoman ALL Think #TrumpSupporters Are TOO DISGUSTING To Even Shake Hands With.\n\n#TrumpHatesHisSupporters\nhttps://t.co/BwPtAUkuP5 https://t.co/fJlb9WBydF"""
13,"""@PathForFreedom @realDonaldTrump Know you have a qualified US Army veteran ready to contribute experience and continued service to promote freedom and protect our our sacred constitution in the AZ CD 2 race in Brandon Martin! Help AZ promote a winner! God bless you! #MartinForFreedom #MAGA #2A"""
14,"""President @realDonaldTrump saw the scenes of his supporters outside Walter Reed Medical Center. He decided to send out Presidential Chocolates to thank them.\n\nWe love you Mr. President!\n\nPraying for the Ultimate Physician to grant you and the First Lady complete healing.\n\n#MAGA https://t.co/WDUT4oUOE2"""
15,"""Donald Trumpâ€™s Latest Coronavirus Comment Slammed As â€˜So Cruel And Cynicalâ€™ https://t.co/90fETEJ0DE Hey #TrumpSupporters did YOU know your #DisgustingPeople HAHA Keep Supporting the #Moron #DumpTrumpDayNov3 #NotMYPresident #TrumpLiesAmericansDie #Trump #RepublicansForBiden"""
16,"""@RepMaxineWaters @realDonaldTrump been fighting with #DirtyDemocrats since elected! Inciting violence 2 #TrumpSupporters, racial division, condoning riots, burning businesses, supp #BLM, inciting hate/violence 2ward police officers, etc. #Republicans DO NOT BACK DOWN! https://t.co/KdhfEK3m2E"""
17,""".@DanCrenshawTX \"""
18,"""#72hours? so @realDonaldTrump came to #NewJersey to engage with &amp; infect #TrumpSupporters and @TrumpBedminster staff at a fundraiser after he was diagnosed?\n\n#Trump doesn't care about anyone, #America.\n\ncc: @PressSec @WhiteHouse @TeamTrump @NJGov"""
19,"""The MAGA faithful is with our President! ğŸ‡ºğŸ‡¸â¤ï¸ https://t.co/fZ0JpRr6xe"""
20,"""#TrumpSupporters:\n\nThe late Rep. #JohnLewis (D-GA) told us to vote.\n\nSo...come Trump and Confederate flags, open carry, and screaming Karens at the polls, we will vote.  #VoterIntimidation isn't going to work.\n\nDempsey\n\nP.S.  Liberals look for #GoodTrouble. https://t.co/ts1heHhjBO"""
21,"""If Nancy Pelosi tries to impeach President Trump for appointing a Supreme Court Justiceâ€”as the Constitution requires him to doâ€”we will take steps to remove her as Speaker. https://t.co/NIJMgcBbii"""
22,"""The start of another long work week. I hope all you #TrumpSupporters have a great day! ğŸ‡ºğŸ‡¸ğŸ‡ºğŸ‡¸ğŸ‡ºğŸ‡¸ğŸ‡ºğŸ‡¸ğŸ‡ºğŸ‡¸ğŸŒµğŸ˜"""
23,"""#BreakingNews \n\nRepublicans found to have deformed DNA!\n\n#TrumpSupporters:\n*Deny #Science - Accept imaginary beings\n*Racist &amp; Sexist Tendencies #Charlottesville \n*Willingness to sell out US #RussianRepublicans\n*#Hypocrites #RBG \n*Anti-#Environment\n\nSolution: Drop From VOTER ROLLS https://t.co/K2lHWMRoqQ"""
24,"""iâ€™m so hurt ğŸ˜¢ they just look stupider each time they say something  #TrumpSupporters https://t.co/Hk8U4U6G2j"""
25,"""We stand TOGETHER for this FIGHT.\n\nW......!!!\n\nâœ”ï¸  R  &amp;  . \n\n#MAGA #MIGA\n#PlanB"""
26,"""@marklevinshow #MAGA+A ğŸ˜‚ğŸ˜‚ENDLESSğŸ¤£BULLâ˜ ï¸SHITğŸ˜‚ğŸ¤£ğŸ˜‚ğŸ¤£ğŸ˜‚ğŸ¤£ğŸ˜‚ğŸ¤£ğŸ˜‚ğŸ¤£ğŸ˜‚ğŸ¤£ğŸ˜‚ğŸ¤£ğŸ˜‚ğŸ¤£ğŸ˜‚ğŸ¤£ğŸ˜‚ğŸ¤£ğŸ˜‚ğŸ¤£ğŸ˜‚ğŸ¤£ğŸ˜‚ğŸ¤£ğŸ˜‚ğŸ¤£ğŸ˜‚ğŸ¤£ğŸ˜‚SAMEğŸ‘ŒğŸ»TIREDğŸ‘ŒğŸ»OLDğŸ‘ŒğŸ»RANTINGğŸ¤£ğŸ˜‚ğŸ¤£ğŸ˜‚ğŸ¤£ğŸ˜‚ğŸ¤£ğŸ˜‚ğŸ¤£ğŸ˜‚ğŸ¤£ğŸ˜‚ğŸ¤£ğŸ˜‚ğŸ¤£ğŸ˜‚ğŸ¤£ğŸ˜‚ğŸ¤£ğŸ˜‚ğŸ¤£ğŸ˜‚your life is NOW and FOREVER a joke...ğŸ¤£ğŸ˜‚ğŸ¤£ğŸ˜‚ğŸ¤£ğŸ˜‚ğŸ¤£ğŸ˜‚ğŸ¤£ğŸ˜‚ğŸ¤£ğŸ˜‚ğŸ¤£ğŸ˜‚ğŸ˜‚ğŸ¤£ğŸ˜‚ğŸ¤£ğŸ˜‚ğŸ¤£ğŸ˜‚ğŸ¤£ğŸ˜‚ğŸ¤£ğŸ˜‚DESPERATEâ˜ ï¸IDIOTâ˜ ï¸LOSERâ˜ ï¸ğŸ‡ºğŸ‡¸â˜ ï¸ https://t.co/SCwcP9ZkPs"""
27,"""@realDonaldTrump #maga #trump #kag #donaldtrump #conservative #republican #usa #makeamericagreatagain #wwg #qanon #wga #america #keepamericagreat #trumptrain #draintheswamp #politics #a #americafirst #walkaway #freedom #thegreatawakening #buildthewall #q  #trumpsupporters #bhfyp"""
28,"""Please read me correctly- I donâ€™t want him to die - I just do not care if he is dead or alive. I want Biden as President and I want this bulllshit #MAGA movement to be smashed. His illness doesnâ€™t change that we need to be on attack until Biden is sworn in. And then some. VOTE"""
29,"""#TrumpTaxReturns #Ohio #TrumpSupporters  What do you think of your so called President now ?  Still don't think he is not a fraud ?"""
30,"""Why is it assumed the president got the virus while campaigning or doing something irresponsible? He could have gotten it while doing his job at the White House and despite the very tight protections in place there. The media narrative is based on no facts whatsoever."""
31,"""#TrumpSupporters  are the type of mfs to tell Puerto Ricans to go back to their country."""
32,"""Iâ€™m with @realDonaldTrump #MAGA https://t.co/VgfvdDQBX5"""
33,"""Trump cannot denounce his base? #TrumpSupremacistInChief #TrumpsAmeriKKKa #TrumpSupporters https://t.co/kUd98BfkQN"""
34,"""I'll pray for all the #healthcareworkers (and their families) who died and are still dying because\n#TrumpLiesAmericansDie \nI'll pray for all the healthcare workers who will die because of #TrumpSuperSpreaders"""
35,"""I feel so blessed to live in this great country. #maga https://t.co/QESuFpEQpu"""
36,"""Praying for the swift recovery of my father and Melania and for all those impacted by COVID-19.\n\nAs they fight this together, the President will continue to fight for the people of this great country."""
37,"""Mr President are you alright sometimes peopleâ€™s get creative with the things you had said in the past for example take a look at this #45potus how is the treatment is going #MAGA https://t.co/nm9D6HTpKx"""
38,"""How many trump supporters do I have to fucking report from that one tweet I did yesterday I mean literally, how many???? #TrumpSupporters #Russiabot #TrumpCovid https://t.co/2V8kVuSiFJ"""
39,"""#trump #protrump #maga #republican #conservative #usa #conservativememes #america #rightwing #makeamericagreatagain #kag #proamerica #wethepeople #donaldtrump #progun #right #lovetrump #republicanmemes #trumpsupporters #americafirst #prolife #trumptrain #womenfortrump #walkaway https://t.co/YinFsssQqm"""
40,"""Trump supporters are calling for a delay in the election. They say itâ€™s not fair be a their candidate has the sniffles."""
41,"""#WalkAwayâ€™s #UNSILENT March. See official livestream here: https://t.co/vrxPGyQydp https://t.co/HWLUxJzUfB"""
42,"""Biden REFUSED to use the term, LAW &amp; ORDER! There go the Suburbs."""
43,"""On another note for those of you #TrumpSupporters now you see how important it is to wear a mask. Look at yâ€™all leader https://t.co/a6VpXoLL4t"""
44,"""#TrumpSupporters How can it be that 2.5 million would have died from #Covid19, as #Trump says, if it's in fact a hoax? Your leader says 2.5 million would have died, yet you claim 200,000 deaths from #Covid is way over-reporting the number of deaths. #QAnon idiots. #ScienceMatters"""
45,"""@realDonaldTrump Hey #TrumpSupporters @realDonaldTrump thinks if he can keep you SCARED &amp; full of HATE you'll keep believing all of his lies and he can keep DESTROYING, our lives, the country, our democracy, standing in the world and keep being the CORRUPT, LAWLESS, CRIMINAL that he is! WAKE UP! https://t.co/F5GyNxeuIA"""
46,"""We all belong! This is wrong legally, morally, ethically, humanely.  #ProudBoys \n#TrumpSupporters \n#TrumpLied200KAmericansdied \n#TrumpIsALaughingStock \n#TrumpIsAHeartlessPsychopath \n@F_Trump4Ever"""
47,"""@LoneEagal21 @CLewandowski_ @newconfidence02 Too bad #Progressives fund this nation and #TrumpSupporters are the welfare queens. https://t.co/htlrsaGGHx"""
48,"""I love how #Trumpsupporters will always be like â€œI donâ€™t trust medicine and scienceâ€ but then will go around bragging about a Sky Daddy that grants wishes if youâ€™re good and sends you to an oven if youâ€™re bad. #Conservatives"""
49,"""Apparently what happens when you dare to speak a #walkaway pro-Trump view in a new pro-Independence party that claims to stand up for free speech in Scotland. I thought we all were free to disagree? \n\n@BrandonStraka @DrKarlynB @TheOfficerTatum @Breaking911 @RickyRebelRocks"""
50,"""The coronavirus moved on me like a bitch!!!! #MAGA"""
51,"""#TRUMP2020ToSaveAmerica #Maga Compare for yourselves... https://t.co/1xzKFlrnmk"""
52,"""@realDonaldTrump Trump refuses to denounce #WhiteSupremacy. Not all Trump Supporters are racist, but make no mistake... all racists are #TrumpSupporters. You know that, everyone knows that. #TrumpIsARacist https://t.co/CiA9xeqW3V"""
53,"""I am sorry for being honest #TrumpSupporters https://t.co/woB7icmr5B"""
54,"""This guy is a lying piece of garbage. THATâ€™S CONFIRMED.  https://t.co/5z2djQYtGr"""
55,"""Trump's contempt for other people's health and safety has Secret Service agents angry https://t.co/skyiAwVOVy @GOP @Potus #TrumpSupporters #Trumpcovid #TrumpKnewAmericansDied #TrumpSuperSpreaders #GOPSuperSpreaders #GOPCorruptionOverCountry #GOPDeathCult"""
56,"""You stupid #TrumpSupporters that are blocking #voters are terrorists!! \nWill this never stop? Are you people that inbred that you canâ€™t see what you are doing is wrong? \n#BidenHarris2020"""
57,"""If Pence takes control, Trump will never get the power back."""
58,"""Stay strong mister President! @realDonaldTrump â€˜Stand back, stand byâ€™ #corona #maga https://t.co/0QVNr8sMJm"""
59,"""Getting ready for the #270TrumpParade tomorrow! It's gonna be YUGE! #OhioTrumpsBiden #BuckeyeNationForTrump #WalkAwayOhio #Cbus #Blexit #Lexit #OhioTrumpParade #OhioForTrump #MAGA #KAG #Trump2020 #KAG2020 ğŸ‡ºğŸ‡¸ https://t.co/vuFWkwbi6c"""
60,"""LOOK AT THIS CROWD!!! #WalkAway #Unsilent https://t.co/AaLVs7raIJ"""
61,"""@JLPtalk 1 in 1000 black americans have died because of Trump. #maga #TrumpCovid"""
62,"""All the #trumpsupporters who were so anti-mask, even taking to guns to protest mask-wearing as though liberals were trying to kill them, are now crying for Trump. Ridiculous. Called it a hoax. Liberals should - and will - call out the hypocrasy and lies. #TrumpHasCovid"""
63,"""Trump Jr. and Sean Hannity really enjoyed joking about COVID-19 precautions on debate night https://t.co/q3NjvVUqUs @DonaldJTrumpJr @seanhannity #GOPSuperSpreaders #TrumpSupporters #GOPCorruptionOverCountry #GOPHypocrisy #RepublicanCovidCluster #RepublicanVirus"""
64,"""Weâ€™re live NOW and starting SOON!!! #WalkAwayâ€™s #UNSILENT Majority March on DCâ€¼ï¸ Watch LIVE NOW: https://t.co/vrxPGyQydp\n@PeteHegseth @realDonaldTrump @LaraLeaTrump @FoxNews"""
65,"""@realDonaldTrump As long as itâ€™s going well - maybe you have time to watch yourself.. and reflect... maybe send an apology... that would be #MAGA\n\nhttps://t.co/thcvhlZJnd"""
66,"""Dutch ğŸ‡³ğŸ‡± Lawmakers Demand Answers After U.S. Ambassador ğŸ‡ºğŸ‡¸ Holds Party For Right-Wing Populists ğŸ¤¬ At Embassy\n\nhttps://t.co/jY2Sv8eOR8\n\n#Netherlands ğŸ‡³ğŸ‡± #Europe ğŸ‡ªğŸ‡º #EU #UnitedStates ğŸ‡ºğŸ‡¸ #RightWing #Diplomacy #TrumpSupporters ğŸ˜³ #TrumpIsANationalDisgrace ğŸ¤¦â€â™€ï¸"""
67,"""#WhosSideAreYouOn\n#TrumpSupporters\n\nAfter Trumpâ€™s night of abhorrent bullying, how can anyone still stand by him?\nhttps://t.co/COtG6LMHZb"""
68,"""Nightmare Scenario: @TomFitton fears the radical left will count votes weeks after Election Day &amp; work with Big Tech to suppress &amp; censor any concerns about voter fraud.  #MAGA #AmericaFirst #Dobbs https://t.co/WeVHik3lJA"""
69,"""#trump #maga #kag #republican #conservative #donaldtrump #usa #keepamericagreat #makeamericagreatagain #qanon #wga #america #draintheswamp #americafirst #trumpsupporters #walkaway #thegreatawakening #fakenews"""
70,"""Fucking trump supporters on the over pass with their make America great again hats and American flags! Fuck trump #WalnutCreek  Location  \nel curtola blvd! #trump #TrumpSupporters https://t.co/feuuPLbeTD"""
71,"""Our GREAT RALLY tonight in Pennsylvania. Tremendous energy! #MAGA https://t.co/kL29rJe6sh"""
72,"""Today we meet at Freedom Plaza in DC at 11 AM and March to Sylvan theater for our big big big rally tomorrow beginning at 12:30 PM at Sylvan! Letâ€™s do this!!!! #UNSILENT #WalkAway"""
73,"""Wonder whatever happened to this absolute moron?\n#WearAMask #COVIDIOTS #StupidPeople #TrumpSupporters \nhttps://t.co/LlGHllCUwL"""
74,"""#TrumpSupporters Please use good self care right now!! Stay Healthy! We are no good as a TEAM ğŸ‡ºğŸ‡¸ if we canâ€™t make it to the polls, tweet, rally, boat parades, truck parades..he needs US! #FluShot2020 https://t.co/9HUTDNkWXd"""
75,"""@realDonaldTrump #Trump2020 Campaign Scorecard 09/23/20\n\n#Trump's achieved 102.5% of his goal to have 200,000 Americans die from COVID-19\n\n#Trump's achieved 97.8% of his goal to lose his 7th TRILLION DOLLARS while in office\n\n#Trump's #CovidSuperSpreaderEvents will kill #TrumpSupporters &amp; Families"""
76,"""People not wearing masks giving me dirty looks for giving them dirty looks for not wearing masks are a whole new level of go fuck yourself."""
77,"""Not all heroes wear capes.\n\nThis is my America... https://t.co/1GXhuPTmB9"""
78,"""Calling #TrumpSupporters bigots does not offend them. They are offended by â€œPC cultureâ€ and when #trump makes offensive remarks, it makes them like him more. We need to stop engaging and attacking and just laughing at them. Like when someone is mad at you in traffic a friendly..."""
79,"""AMAZING! HUGE crowds for #walkaway in Washington DC! â€œWe must vote Republican across the board to SAVE OUR COUNTRY! ğŸ‡ºğŸ‡¸ğŸ‡ºğŸ‡¸ğŸ‡ºğŸ‡¸ @BrandonStraka @realDonaldTrump https://t.co/vLhQNA799x"""
80,"""When I have #TrumpSupporters trying to run me down cause I stand up for #BlackLivesMatter https://t.co/2k0DQXSMhN"""
81,"""Youâ€™re f*insane. All #TrumpSupporters are nuts. Kool-aid drinkers. How do u explain him down-playing it after knowing how serious it was? Its on a recording for everyone to hear he just said it hardly affects anyone &amp; only older people #TrumpLied200KAmericansdied wear a damn mask"""
82,"""@realDonaldTrump Get well soon, Mr. President! #MAGA"""
83,"""Open Tweet to #MAGA, when we elected Trump to be our President, we've opened Pandora's box, please realize this."""
84,"""\"""
85,"""850 Americans died of COVID-19 yesterday.\nNone got the special â€œantibody cocktail.â€"""
86,"""Supporters Pissed Did You Say Pissed ğŸ¤¯\nSoo...You're Saying #trumpSupporters Woke Up This Morning &amp; Founded Out That \"""
87,"""@realDonaldTrump @realDonaldTrump is the the same lady you show under â€œradical left â€œ???? Seems to me that you are using her in lots of campaign ads for many different things. So tell me is she â€œradical leftâ€ or a #TrumpSupporters ??? #BidenHarris2020 https://t.co/I40pQQr8qa"""
88,"""White BLM protestor telling crowd â€œBlack Lives Matterâ€ is confronted by black #WalkAway activist saying tell him â€œAll Lives Matter!â€ https://t.co/9fcf27d54E"""
89,"""May God protect you\n\n#MAGA #Trump2020 https://t.co/Hy7XygPqNB"""
90,"""â€œI mean, do you even personally know anyone who has this so-called coronavirus?â€\n\n#TrumpSupporters"""
91,"""TO ALL TRUMP SUPPORTERS!! JUDAS SOUL HIS SOUL FOR 30 PIECES OF SILVER, WHAT WAS YOUR PRICE?!!! #TrumpSupporters #religious #Christians #lies #Hypocrites #TrumpFailed #Unbelievers #falseprophets #judas #racism #church"""
92,"""Hope Hicks, who has been working so hard without even taking a small break, has just tested positive for Covid 19. Terrible! The First Lady and I are waiting for our test results. In the meantime, we will begin our quarantine process!"""
93,"""@JoeBiden @PattyLehner Did you see what going on @CityofFairfaxVA? #TrumpSupporters are blocking entrance to early voting. And appears @FairfaxCityPD is doing nothing to stop the #VoterSuppression"""
94,"""@clark_roslyn #TrumpSupporters  aren't #BallotHarvesting and torturing pigs at #Bidenriots"""
95,"""Is this a New York or New Jersey accent? I canâ€™t tell. https://t.co/lPd8nm8rGY"""
96,"""Roll Call: WHO LOVES PRESIDENT TRUMP?!? #MAGA @realDonaldTrump ğŸ‡ºğŸ‡¸ğŸ‡ºğŸ‡¸ğŸ‡ºğŸ‡¸ğŸ‡ºğŸ‡¸"""
97,"""Lmao!!! #TrumpHasCovid ğŸ¤£ You can pray for him. I'll just #standbackandstandby ğŸ˜‚ let #COVID19 do gods work #trumpsupporters suck ğŸ˜‚ #karensgonewild @realDonaldTrump #karma #coronavirus #JusticeforBreonnaTaylor #LafayetteShooting #traderjoesshooting #murder #PoliceBrutality https://t.co/wkyVaRTjUH"""
98,"""20% of this country is holding the other 80% hostage with overt lies, conspiracy theories, racism, homophobia, &amp; antiquated \"""
99,"""And now .. what some of you have been waiting for: Scenes from Pres. Donald Trump's rally at Grand Aire airport in Swanton, Ohio on Monday, Sept. 21. #trump #trumpsupporters #photojournalism #onassignment https://t.co/2YUyixMluI"""
100,"""2 died of Ebola: They said Barack Obama should resign. \n\n4 died in Benghazi: They had Hillary Clinton testify for 11 hours, held 33 hearings, and launched a multiyear probe.\n\n203,447 died thanks to Donald Trumpâ€™s gross incompetence: They cheered him on, and demand 4 more years."""
101,"""GOD BLESS AMERICA #MAGA #Trump2020 https://t.co/eJZjpzSY4I"""
102,"""by 55%-39%, white men in new Quinnipiac national poll favor Trump over Biden\n\nby 53%-43%, white men also say Trump is dishonest"""
103,"""Trump's COVID19 diagnosis must be scary news for a group of people who aren't in the headlines https://t.co/wHzYwlpjgg #TrumpSupporters #TrumpCovid #TrumpSuperSpreaders #GOPSuperSpreaders #GOPCorruptionOverCountry #TrumpKnewAmericansDied #TrumpIsATraitor #TrumpIsANationalDisgrace"""
104,"""Karma is a b*tch. Trump \"""
105,"""87 year old republican Chuck Grassley refuses to get tested despite being at the WH event. Republicans really are that fucking selfish and stupid. #VoteBlue2020 #maga"""
106,"""I have read every @StephenKing novel and am a big fan especially because he has a #corgi but letâ€™s not be evil as we need to take the high road and not stoop below the #TrumpSupporters"""
107,"""People want respect for our Anthem and our Flag. Ratings will only get worse! Didnâ€™t we go through this once before?"""
108,"""For the record,\nThe â€œnoncompliance &amp; distrust of medicineâ€ that Blacks have at large pertaining to gov. lying &amp; using as test subjects, ie #Tuskegee, IS NOT the same as the â€œprotests &amp; noncomplianceâ€ of #TrumpSupporters. \n\n#MedTwitter must recognize this. Our approach must differ"""
109,"""@dr_palazzolo @JoeBiden @SenKamalaHarris @SpeakerPelosi They will not scare @realDonaldTrump \nThey will not scare or put the fear in   #TrumpSupporters either"""
110,"""the most cringiest and most ignorant people Iâ€™ve ever met #trumpsupporters"""
111,"""True! Itâ€™s easy to spot #TrumpSupporters most arenâ€™t #WearingAMask! @lynnanddana"""
112,"""Trump is my guy because he is pro life and an upstanding guy. Praise him. #trumpsupporters https://t.co/PjHV4hoTlZ"""
113,"""There is no longer a question of \"""
114,"""Amen!!#trumpsupporters are children. https://t.co/3tGcLplbkx"""
115,"""But the shooter was a Hilary supporter &amp; angry that Trump won!! He chose that event to hurt #TrumpSupporters little did he know Country music fans love this nation and donâ€™t let politics divide us!!"""
116,"""Parscale stole $40 mil from the Trump Campaign and $10 Mil from  the RNC and bought $300,000 of cars (&amp; 8boats) #TrumpSupporters are donating and Bannon and Parscale are pocketing your money. #CorruptGOP"""
117,"""@Eiggam5955 Relocate them to Siberia, or to the Great Pacific Garbage Patch.\nThey don't love our country; let them go to the Russia they tacitly support, or to the effects of pollution &amp; global warming that they don't believe in.\nThey are UnAmerican to the bone.\n#Deplorables #TrumpSupporters https://t.co/FCyc5Y57Gv"""
118,"""CRYING LAUGHING THIS MORNING!!!ğŸ¤£ \n#TrumpSupporters https://t.co/0G2qcDLUar"""
119,"""Donald Trump successfully created a new â€œAmerican Enemyâ€, China.\nhttps://t.co/rKONw2sHn0\n\n#trump #Trumpeffect #trumpsupporters #TrumpNation  #trumpismypresident #TrumpResistance #China #ChinaVirus #ChinaWatching #Europe #European #India #Asia #USA #AmericaOrTrump #Australia"""
120,"""like everything their secrecy makes it worse, they appear to be indifferent to others' health. Disgusted"""
121,"""OUT TODAY: Report with @chuckgrassley found millions of dollars in questionable financial transactions between Hunter Biden &amp; his associates and foreign individuals, including the wife of the former mayor of Moscow. https://t.co/R1MxQ4xGKP"""
122,"""Nothing but LOVE here at @BrandonStrakaâ€™s #WalkAway #UnsilentMajority March! â €\nâ €\nAmericans from ALL walks of life have gathered in DC to WALK AWAY from the @DNC https://t.co/82V2D8foF0"""
123,"""The #WalkAway #UNSILENT Majority March on Washington DC https://t.co/l54GSLIMVT via @YouTube"""
124,"""#TrumpSupporters @GOP Time to learn"""
125,"""Didnâ€™t take long.\n\n#TrumpSupporters #Antisemitism https://t.co/opVX8jknb4"""
126,"""ğŸ’¥Breaking: \nOut of an abundance of caution @realDonaldTrump is being transported to Walter Reed for the next few days. He will continue to work from there...\nWe are praying for you, Mr. President! \n#PrayForTrump #MAGA\n#TrumpCovid"""
127,"""At the #WalkAway Unsilent Majority March on Washington there are about 8,000 registered attendees for the main rally. They have ex-military including #NavySEALs and Army Rangers in plain clothes doing recon to prevent any disruptions by counter-protests. https://t.co/S6RqROaylN"""
128,"""I have identified 96 tweets mentioning #MAGA that were tweeted by inauthentic accounts. More information here: https://t.co/E5MBaNCDfC"""
129,"""Hey, #MAGA folks, don't you EVER feel a little bit... I don't know... maybe... conned by this Scam artist? \nWhat a farce!\n#TrumpCult \n#TrumpSupporters are #TrumpsSheep #TrumpMarks"""
130,"""Itâ€™s an actual dog and pony show!!  ğŸ• ğŸ ğŸ˜‚ğŸ¤£\n\nThese two beautiful friends are ADORABLE!  Enjoy. \n\nâ¤ï¸â¤ï¸â¤ï¸\n\n#Animals \n#OVTTDS\n#ONEv1 \n\n https://t.co/7jPvf9qz8s"""
131,"""They can dish it out, but, can't take it. ğŸ¤£\n#TrumpSupporters \n#TrumpIsANationalDisgrace \n#VoteHimOut2020 https://t.co/yn4AQ7nAPV"""
132,"""please go tell your moralizing tone policing to the pile of corpses he's responsible for."""
133,"""Detective Myles Cosgrove, the Louisville police officer who fatally shot Breonna Taylor, is currently raising money to fund his retirement. https://t.co/iq4aYiNPTH"""
134,"""Wow, big news. Pick it up Lamestream Media, and pick it up BIG!"""
135,"""I donâ€™t care what leftists say about the President. My only care about it is this: undecided voters,pay attention.Our side would never wish death upon Biden or anyone else. Weâ€™d never celebrate him being sick. Donâ€™t become like them. Choose love &amp;compassion. Come to where we are."""
136,"""@LizRNC Who is that masked man?\n\n#GOPCowards #RVAT2020 #MAGA https://t.co/iM6XFpgxJR"""
137,"""#TrumpSupporters are not always opposed to mask wearing https://t.co/b861B8OV5P"""
138,"""Does anyone else find it odd that no prominent Democrats have had the virus but the list of Republicans goes on and on?"""
139,"""#MAGA rally @StPete getting started https://t.co/L2dh8YcpPy"""
140,"""BREAKING: CARDI B AND SISTER ARE BEING SUED BY #TRUMPSUPPORTERS \n\nhttps://t.co/WHnsICYkpY"""
141,"""@seungminkim @maggieNYT Regeneron two days ago puts it at Thursday. Friday 1 am when the diagnosis was announced by Twitter is after that. They are trying to raise a fog around the timeline because he knew he was positive when he went to Bedminster and his supporters are pissed!"""
142,"""I smell civil war in the United states.. #Ù‚ÙˆÙ„ÙˆØ§_Ø§Ù†Ø´Ø§Ù„Ù„Ù‡\n#TrumpSupporters"""
143,"""Is this who you want as President? Really?\n\n#trump #maga #kag #republican #conservative #donaldtrump #usa #trumptrain #keepamericagreat #makeamericagreatagain #wwg #qanon #wga #america #draintheswamp #americafirst #a #trumpsupporters #walkaway #buildthewall #covid #politics https://t.co/ubA0tJLEFK"""
144,"""#republican #trump #maga #conservative #donaldtrump #usa #politics #democrat #america #kag #makeamericagreatagain  #trumptrain #keepamericagreat #democrats #gop #republicans #americafirst #freedom  #election #draintheswamp #rightwing #trumpsupporters #walkaway #buildthewall"""
145,"""https://t.co/5FWsK9vDpU\nSorry. Minnesota , mistake in 2016! #EllectRepublicans #TrumpSupporters"""
146,"""@CNNPolitics https://t.co/u6e58zFCdy"""
147,"""@Myers6287R @SSelly69 I #BackTheBlue  I just don't back #TrumpSupporters real police don't back #TraitorTrump https://t.co/TVc4Lh9TTa"""
148,"""Supporting my dear President! @realdonaldtrump  @whitehouse  #trump2020  #trump2020ğŸ‡ºğŸ‡¸ #trumpsupporters  #votolatino https://t.co/N2q4cQqu6H"""
149,"""@AngelWarrior321 I say the NY Times needs to remove their one sided opinions and close their doors.  #Trump2020 #MAGA"""
150,"""@BrandonStraka This is one of the key reasons I walked away.  \n\nWhen John Lewis and RBG died, I saw overwhelming respect from most conservatives.  \n\nWhen Herman Cain, Robert Trump &amp; Kingface died, I saw too much spiteful gloating and glee from liberals.\n\n#WalkAway from hate."""
151,"""About his #trumpsupporters https://t.co/14XNzSMNI1"""
152,"""Iâ€™m gathering my #Walkaway brothers and sisters and TONIGHT AT 6pm in DC weâ€™re joining others at #WalterReedHospital to pray fervently for @realDonaldTrump and @FLOTUS. They are healed in Jesus name!"""
153,"""@TimEdwardsZero4 This is all you need to see....\n\"""
154,"""How come #TARGETEDINDIVIDUALS can't band together like #qanon &amp; #maga?"""
155,"""... the Charlottesville lawsuit. Anglinâ€™s site takes its name from #DerStÃ¼rmer, a newspaper that published #Nazi propaganda. The site includes sections called â€œJewish Problemâ€ and â€œRace War.â€ For months, the site struggled to stay online after Anglin published a post mocking... https://t.co/gJIhZop1aK"""
156,"""The dumbest of the dumb #trumpsupporters are the #qanon believers https://t.co/r6efovxvXg"""
157,"""#TrumpSupporters all running to get their #mask this morning... https://t.co/BPTksJqUuj"""
158,"""@GOPChairwoman @realDonaldTrump Explain that to the dead people #TrumpVirus"""
159,"""SEATTLEâ€”RIOTS ARE CREATING TRUMP SUPPORTERS ğŸ‡ºğŸ‡¸\n\nâ€œ4 years ago, I was laughing at Trump. I live in Seattle...these are not peaceful protests. Iâ€™ve never owned a gun until just now, until they started talking about defunding the police.â€ #riots #seattleprotest https://t.co/RRITGvnIaw"""
160,"""Prayers for the President: @robertjeffress encourages all Americans to pray for President @realDonaldTrump and for his speedy recovery from the China Virus. #AmericaFirst #MAGA #Dobbs https://t.co/WXqDeZqgLX"""
161,"""@BigStick2013 Nothing specific and no evidence, of course, because Biden isn't lying. But then, I guess it's what you should expect to pass as \"""
162,"""@WhiteHouse Why are you saying nothing about the ARMED WHITE NATIONALIST #TrumpSupporters intimidating drivers in #LouisvilleKy today ?????"""
163,"""#MAGA This Is The Real Deal For A Secure Future. #Business MAKE MONEY QUICKLY! Receive The Large Income You Deserve To Have! No Layoffs. No Waiting. We Help Everyone To Succeed. Receive Email Notifications When - \"""
164,"""This is your First Lady, #MAGA #Trumpsupporters, lol. Dont forget vote @JoeBiden"""
165,"""If Republicans don't move ahead to confirm Barrett than they're committing political suicide in the presidential election. Democrats mean to manufacture votes thru mail in ballot counts. Need Barrett's vote to stymie fraud in blue states. #MAGA \nhttps://t.co/vO9db4dYiB"""
166,"""Trump supporters will believe all the words that Trump says but wonâ€™t educate themselves on the truth. \nThey act as if he is God. ğŸ¤®\n#TrumpSupporters #FuckTrump"""
167,"""Right outside #WalterReedHospital Is it me or is the American Flag, becoming a Trump logo? #VoteHimOut #TrumpCovid #TrumpMeltdown #VoteBidenHarris2020 #RoseGardenMassacre #TrumpHasCovid #TrumpSupporters #flag #americanflag #embarrassing https://t.co/723EVneScx"""
168,"""HEY #MAGA FOLKS! THIS ONE'S FOR YOU!!! https://t.co/JAZSQeVMdb"""
169,"""President Trump never said Covid itself was a HOAX he said Democratsâ€™ response to Covid blaming him &amp; extending lockdowns was their latest hoax which is TRUE. \nWhile Pres. Trump was taking action, Dems spent Jan &amp; Feb telling people to go China town &amp; join crowds. Letâ€™s watch: https://t.co/8iBpkU08mu"""
170,"""The combination of growing public unrest and a \"""
171,"""are angry because all of you #TrumpSupporters don't seem to understand that you are asking us to give the #POTUS a level of love patience and understanding that he...denied...US!\"""
172,"""They can go fuck themselves.\n#TrumpSupporters"""
173,"""Country rattled after Trump's positive COVID-19 diagnosis https://t.co/zAsImniQVw https://t.co/xReFF2gySO"""
174,"""@charliekirk11 Oh, we saw how #MAGA reacted to RBG's death - we will give IMPOTUS the same level of respect. \n#TrumpVirus https://t.co/hNCHUm91v8"""
175,"""@mallrat1982 History repeats itself!!!!! Why?  Hilter and evil had to go somewhere. Evil is still here it just keeps coming, and we don't see it over and over we have sheep who fall for the lies and no accountability. Bigots and blamers for our problems, We blame others, look in the mirror"""
176,"""Itâ€™s a beautiful day to #WalkAway in DC! Come to the Sylvan Theater at the Washington Monument! I speak at 2:20 PM!\n\nhttps://t.co/TSoEnRsotp"""
177,"""@stillgray Trump is racist.\n\nTrump is fascist.\n\nTrump is psychotic.\n\nTrump is treasonous.\n\nTrump is plotting a coup.\n\nThat damn criminal needs to GO.\n\n#LyingLindsey McConnell and McCarthy nlrb Breonna's Law US Capitol DeSantis Conrad Ann Teefa Marsha Blackburn Flynn 500B Black America"""
178,"""As I read interviews with Trump supporters, I'm shocked at how deeply their delusions about Trump run. \n\nOne thing I see over and over is \"""
179,"""The perfect timing needed to capture all this in a photo makes me question if itâ€™s real. That said, itâ€™s AMAZING. I mean like go down in history type of amazing. U have to find moments of humor where you canğŸ˜† #TrumpSupporters #BLM"""
180,""".#Melania: â€œWho gives a fuck about Christmas stuff and decoration?â€\n\nOh...my...fucking...God. #Trump https://t.co/T5TS1jZXrS"""
181,"""Normally I wouldnâ€™t shed a tear for @realDonaldTrump but I hope he doesnâ€™t die because then he would not only become a martyr for the @GOP, his #QanonArmy, #TrumpSupporters, and #TrumpsCult, but they would claim that @JoeBiden really didnâ€™t win the election."""
182,"""This thread is impeccable and informative. It would be nice if #TrumpSupporters and #MAGA would actually take the time to read it."""
183,"""... the woman who was killed when a man plowed his car into a crowd of counter-protesters at the â€œUnite the Rightâ€ rally in Charlottesville three years ago.\"""
184,"""@votevets But isn't everything supposed to be making a profit? Like the USPS? (an institution codified in the Constitution and designed to serve the public vs profit off the public) ğŸ˜‚The mental dissonance of these #maga republican morons is astounding. Magas everywhere overcompensating: https://t.co/U8ppQwceky"""
185,"""Having spent 30 years in healthcare, I never imagined I'd be in a position of mocking anyone with an illness. But that orange son of a bitch in the White House and his criminal #MAGA cult does not deserve any level of respect given that they knew and did NOTHING to stop COVID! https://t.co/ppT4wQxsTj"""
186,"""New York Daily News:\n\n#Trump Supporters charged after girl, 12, dies with #lice infestation.\n\n#TrumpSupporters \nhttps://t.co/5M6arXLyZ7"""
187,"""#WalkAway \"""
188,"""Funny how #TrumpSupporters are quick to say, \"""
189,"""It all makes sense now.. No wait, it really doesn't.. \n #TrumpSupporters \n#TrumpMustGo\n#thursdaymorning https://t.co/6awtqAm6P5"""
190,"""Actual footage of @BristolSheriff @SheriffHodgson heading up his #MAGA road trip. https://t.co/EfeimfOhx7"""
191,"""I voted for @Obama the first time and I liked many things about him. The Right treated him like Hitler, but I know so many #TrumpSupporters that are hard working, kind, non-racist people that want America to work for everyone that will take responsibility instead of complaining."""
192,"""Instant #Karma: #Deranged #Driver Slams into #Car While Flipping Off #TrumpSupporters.\n\nPolice immediately respond.\n\nWatch video https://t.co/o5tyJ2Kb6L https://t.co/CXCTp14nkH"""
193,"""Ready to rock the stage at the #unsilentmajority Rally with my warrior sister â¦@ShemekaMichelleâ© in DC! #Walkaway â¦@RealWalkAwayâ© https://t.co/QKlObDYa3P"""
194,"""#Trumpsupporters are always so full of hate."""
195,"""D.C.: MPD Officers wrestle with BLM agitators at todayâ€™s @RealWalkAway rally. Multiple arrests made. #WalkAway https://t.co/qQsyQ8RwWD"""
196,"""Iâ€™m getting a lot of angry MAGA people shouting that â€œthe mass graves are not Trumpâ€™s fault!â€\n\nYES. THEY ARE. The coronavirus is not Trumpâ€™s fault. But our governmentâ€™s HORRENDOUS response to it is 1000% Trumpâ€™s fault.\n\nLetâ€™s run through what is INDISPUTABLY Trumpâ€™s fault:"""
197,"""Brad Parscale 'is under investigation for stealing $40M from campaign' https://t.co/uMcHsZ9Clm via @MailOnline @GOP @GOPLeader @senatemajldr"""
198,"""@NBCNews Seriously, trying to debate with a moron constantly rambling nonsense is pointless.  Like \"""
199,"""#WalkAway \"""
200,"""https://t.co/wuxlSzAI1x"""
201,"""Even our local giraffe knows what the deal is. #MAGA https://t.co/9UJOK3kWEA"""
202,"""If you are #TrumpSupporters #MAGAts #Republican @GOP you are also a #Fascist https://t.co/37wJyPfBbS"""
203,"""I sent a letter to AG William Barr, requesting that he appoint an independent Special Counsel to open a investigation to determine whether NY AG Letitia James violated any laws by her conduct or rhetoric against President @realDonaldTrump &amp; his family. https://t.co/wPb37uUPj7"""
204,"""ğŸ‡ºğŸ‡¸ğŸ™ŒThis San Diego, California boat parade for \n@realDonaldTrump\n is HUGEğŸ’ªğŸ‡ºğŸ‡¸\nğŸ‡ºğŸ‡¸President Donald J.Trump ğŸ‡ºğŸ‡¸\n.\nLoveâ¤ï¸ peaceğŸ’œ FIRST FAMILYğŸ‡ºğŸ‡¸\n.\n#americanpresident #donaldtrump #mikepence #trumpsupporters #trump2020 #trumpnation https://t.co/FS9olSNIXn"""
205,"""Backstage at the #WalkAway UNSILENT MAJORITY March on Washington! https://t.co/Cp7hJ1kIgh"""
206,"""@theblaze Why do #TrumpSupporters like being lazy welfare queens?\n\n#DefundRedStates https://t.co/eQLusTrhHI"""
207,"""Dear #MAGA conspiracy theorists,\n\nThe reason you're not seeing Democrats getting Covid is they're wearing masks, social distancing &amp; washing their hands frequently.\n\nThe \"""
208,"""I'll pray for the grocery store, retail, factory workers who died because trump lied about the virus and put them all in danger\n#TrumpHasNoPlan\nI'll pray for everyone who is going to die because they come in contact with the selfish #TrumpSupporters"""
209,"""@maddow I pray they recover swiftly ğŸ™ğŸ» #MAGA #WuhanVirus https://t.co/WeKk3fEW29"""
210,"""Iâ€™ve had no help from the GOP and iâ€™m not the only #MAGA candidate to have these frustrations. If you really want to see a difference in D.C., back the new candidates that really care about this country and their community.\n\nIâ€™m in my community every day and doing my part."""
211,"""â¦@realDonaldTrumpâ© supporters rally at polling place during #EarlyVoting in Virginia.  #TrumpSupporters #VoteBlue #Vote #BidenHarris2020 #BidensUnitingUS #BidenHarris #Biden2020 #BidenHarrisToSaveAmerica #JoeBiden #Biden #BidenHarris2020Landslide  https://t.co/uHDFXOkFlb"""
212,"""#TrumpSupporters you suck\n#Republicans you suck\nhttps://t.co/LBE68DQEtk"""
213,"""BIDENâ€™S WISCONSIN WELCOME PARTY: Just look at all those amazing #TrumpSupporters welcoming #JoeBiden to Manitowoc, Wisconsin! Such a friendly group. No rioting or burning anything to the ground!\n#NoHopeJoe\n#WisconsinIsTrumpCountry\nhttps://t.co/UzZg3Bk3Av"""
214,"""Donald can't say there'll be a peaceful transfer of power because he has the #BoogalooBoys, #ProudBoys, neoNazis, KKK, AltRight and other #WhiteSupremacists lined up to commit #terrorism upon his orders. #TerroristsForTrump #TrumpSupporters\n#AmericaOrTrump\nhttps://t.co/UAqjT4EmOR"""
215,"""@theblaze How come #Conservatives are too impotent and stupid to address the issue of RED STATE WELFARE and the massive wealth redistribution from the hardworking MAKER blue states to the lazy welfare red TAKER states? Why do #TrumpSupporters like being on their KNEES for the blue states? https://t.co/k0QOtGzCbK"""
216,"""I can second this message. Itâ€™s a lot of undercover #TrumpSupporters I come in contact with especially black peoples."""
217,"""@doubleddana84 @GOPcanSUCKit @kastyle05 @1957Mom @andreanorred @AynRandPaulRyan @JoeBiden Your avi advertises your belief that masks are ineffective rendering your opinions to be null and void."""
218,"""@benshapiro Looking for the #TrumpSupporters to not be so condescending. Keep your eye on the real story. The #POTUS has never taken #COVID19 seriously, maybe now is the time, if not too late."""
219,"""Thatâ€™s strange, I have never heard of @realstevecox but apparently he has blocked me... I wonder if Twitter has an instant #maga list that asshats that wish the president and the First Lady to die can instantly block https://t.co/2MKgoAFPdB"""
220,"""Can they treat hoaxes at Walter Reed? Asking for a friend!!! #MAGA https://t.co/0Zha0acpWs"""
221,"""Big crowd at the Washington Monument for the #WalkAway rally today! https://t.co/B4tBEW1QuG"""
222,"""I literally spit out my coffee â€” laughing hysterically â€” watching this. This woman does Trump better than Trump. ğŸ¤£ğŸ¤£\nhttps://t.co/WLGJnPUPVG"""
223,"""I am in Washington DC speaking at the #WalkAway event in front of the Washington Monument! \n\nI take the stage at 2:18pm ET!"""
224,"""Pundits &amp; Never-Trumpers still don't get why Trump's base remains so loyal to him. Here's why:\n\n-- Trump's endeavored to fulfill every promise he pledged to voters\n\n-- Trump is not politically correct\n\n-- Trump is consistently &amp; unapologetically pro-American\n\n-- Trump fights back"""
225,"""@dbongino He also said that #Trump called his #trumpsupporters deplorable.. Sorry but @JoeBidden thatâ€™s a lie and you are a terrible person .. \nJoe Bidden you are a compulsive lier. You are going to loose this election. #Trump2020"""
226,"""We had to share this one ğŸ˜‚\nÂ·\nÂ·\nÂ·\nÂ·\nÂ·\nÂ·\nÂ·\nÂ·\n#trump #maga #kag #donaldtrump #conservative #republican #usa #trumptrain #makeamericagreatagain #america #keepamericagreat #qanon #draintheswamp #wwg #wga #americafirst #a #walkaway #trumpsupporters #presidenttrump #politics #democrats https://t.co/QIPV0BYO0Y"""
227,"""Also watching reporters in Louisville not state that almost every fire that's been set, every gun shot has not been from a Protester, but from the #ArmedMilitia. They are #TrumpSupporters! #TrumpIncitesViolence #BillBarrIncitesViolence"""
228,"""Hurricane Hanna - just now - blowing over Trumpâ€™s mighty border wall between the United States and Mexico.... https://t.co/0zNejNLYC9"""
229,"""The sick demented left who â¦@JoeBidenâ© â¦@SenKamalaHarrisâ© â¦@SpeakerPelosiâ© lead are now taking the next step of assassination attempts? Itâ€™s unconscionable &amp; beyond anything I would have expected but we shouldnâ€™t be surprised. They have declared war on us. https://t.co/KTDOobJHwT"""
230,"""#MAGA2020 #MAGA #Trump #TrumpSupporters #redpill #AllLivesMatter #WhiteSupremacy #WomenForTrump #BlacksForTrump \nWHAT THE FUCK ARE YOU DOING?\nHeâ€™s killing you, heâ€™s letting you die of #coronavirus #Covid_19 and he doesnâ€™t fucking care! Why are you voting for this man? ğŸ¥ºğŸ¤¯"""
231,"""Iâ€™d be insincere if I didnâ€™t admit that the momentary silence of #TrumpSupporters in â€œregroup/develop new talking pointsâ€  is peaceful. I am well aware that it is merely the quiet before the storm."""
232,"""Here's where words come back to haunt you. MANY times I had #TrumpSupporters come on my Twitter when I talk #COVID19 deaths and say \"""
233,"""How do you feel about Trump supporters watching you vote?"""
234,"""#WalkAway Testimonial: â€œOur country has a lot of work to doâ€¦â€ https://t.co/6PGbAwSGrE via @YouTube"""
235,"""Hey #Maga!!!  Your boy done gone and caught that there Democrat hoax!!!  \n\nTool bags ğŸ˜‚ğŸ˜·"""
236,"""Genuine question: what will be the relationship between the majority of Americans, and Trumpists after this long, national nightmare ends -- and it will eventually end -- do people anticipate simply letting bygones by bygones with people who joined the Trump personality cult?"""
237,"""THIS WHAT YALL DOING?ğŸ˜­ #TrumpSupporters ğŸš¶ğŸ¾â€â™€ï¸bye https://t.co/yt00BfaduY"""
238,"""And this is why we can't have low numbers. ğŸ˜­ğŸ¤¦ For the most part, Utah people are #TrumpSupporters #COVIDIOTS. The picture is at a damn rodeo, in #StGeorgeUtah. There are #NoMasks to be seen, anywhere. I hope these people realize what danger they're placing the community in. https://t.co/vRC0jtzP0H"""
239,"""It looks like #TrumpSupporters are leaving early. #Trump is still talking. #TrumpRally"""
240,"""Hey #MAGA fools\n\nCOVIS's a hoax, huh?\nBe gone by April, huh?\nWe have it under control, huh?\nIt will be gone by summer, huh?\n\nHow long will you continue to listen to the pure lies and bullshit from that orange malignancy in the Oval Office."""
241,"""Cognitive dissonance is a hell of a thing.\n\n#TrumpSupporters #TrumpMeltdown \n\nI wonder how far down in her timeline Iâ€™ll have to go to find antisemitism. https://t.co/91fAwVi2SY"""
242,""".@JackPosobiec yes @BrandonStraka #WalkAway is going to Walter Reed."""
243,"""Walter Reed source tells me POTUS is in high spirits, cracking jokes with staff."""
244,"""And this from soldiers/professionals of the party &amp; people of no hate. \nThe D party I registered with 40 years ago is long gone. \nSo am I. \nOur president, support him or not,  is OUR president.\n@RealJamesWoods"""
245,"""Comedy legend Rick Moranis hospitalized after random attack in NYC. His fans are out for blood. https://t.co/nG6ZnKGqMm"""
246,"""#TrumpSupporters \nNo respect for the men and women that fought for your freedoms. Think about, it is that patriotic?\nHe will sell you out in a minute...just plan evil. https://t.co/15KQ2afrOQ"""
247,"""Looks like a protest will be happening in front of Walter Reed! #protest #trump #TrumpSupporters #BLMprotest #protest #VoteHimOut #TrumpHasCorona @NBCNews @CBSNews @ABC7 https://t.co/Ht4V8yDCle"""
248,"""The woman who was arrested and charged with attempted murder after driving through a crowd of #TrumpSupporters in #California has been identified as an event organizer. https://t.co/0deS48Cjis"""
249,"""#TrumpSupporters! Please watch the video below and RETWEET ASAP! MASSIVE #ELECTIONFRAUD UNCOVERED!!! \nğŸ‘‡\nWatch \"""
250,"""@PhaedraXTeddy Why? this is happening under Trump."""
251,"""@DeAnna4Congress Maybe because Republicans feel they don't have to wear mask. #TrumpSupporters"""
252,"""Going to bed early tonight.\n\nTraveling to DC tomorrow for the huge gigantic massive humongous #WALKAWAY EVENT! :D\n\nGonna be hanging out with @tracybeanz and all the great #WalkAwayCampaign patriots! \n\nhttps://t.co/Rt0NZ6b1bD"""
253,"""So much Trump merch in Tennessee, zero made in America. #TrumpSupporters #TrumpIsALaughingStock #TrumpIsANationalDisgrace https://t.co/AiG4yRE3we"""
254,"""I love the #WalkAway hashtag, but I seriously think we need to update it to #RunAway. \n\nThe Left is getting crazier by the minute, I donâ€™t think we can walk fast enough anymore!"""
255,"""At the trump rally in Fayetteville, North Carolina. #TrumpSupporters #TrumpRally #trumprallyfayettevillenc https://t.co/o3GtfgKdSm"""
256,"""Less than 19K? Retweet and drop your handles let's follow you.ğŸ‡ºğŸ‡¸ğŸš—ğŸ‡ºğŸ‡¸ğŸš—ğŸ‡ºğŸ‡¸ğŸš—ğŸ‡ºğŸ‡¸ğŸš—ğŸ‡ºğŸ‡¸ğŸš—ğŸ‡ºğŸ‡¸ğŸš—ğŸ‡ºğŸ‡¸ğŸš—ğŸ‡ºğŸ‡¸ğŸš—"""
257,"""Thank you Paul!"""
258,"""It's crazy how much abortion figures into the election (and in 2016). I'll never understand how people so passionate about the possibility of a fetus being aborted care so little about 200,000 dead from coronavirus. So far. #TrumpSupporters #reproductiverights"""
259,"""President Trump was in 7 different states in the 7 days leading up to his #COVID19 diagnosis.\n\nTrump has come into contact with top #TrumpAdministration officials, #SupremeCourt nominee #AmyConeyBarrett, and a number of #TrumpSupporters in the past week. https://t.co/1LiNu84iT6"""
260,"""The White House Knew Trump Had Likely Been Exposed to the Virus. He Traveled and Held Events Anyway. This is how much #Trump and @GOP admin cares about you #TrumpSupporters  https://t.co/FiGEKhew6A"""
261,"""Hey #TrumpSupporters itâ€™s ok to say you messed up in 2016 and voted for the wrong guy. It is now time to fix it instead of making the same mistake a second time. Think about what he promised you, has he delivered any of it yet? #VoteBlue"""
262,"""Not the first Russian I exposed #maga ! https://t.co/yfwtuEiP10"""
263,"""As Trump gets a top taxpayer-financed Covid treatment, pls remember that he paid virtually no taxes and he is suing in court to try and take away healthcare of 30 million Americans. #RoseGardenMassacre #SuperSpreader #GOPSuperSpreaders #CovidCaughtTrump #TrumpHasCovid https://t.co/fjafPPREvF"""
264,"""@realDonaldTrump ğŸ™ğŸ™ğŸ™ğŸ™â¤ï¸â¤ï¸â¤ï¸ğŸ™ğŸ™ğŸ™ğŸ™ğŸ™ğŸ™get well 4 more years 2 go  #MAGA https://t.co/BmwKNGJ0EQ"""
265,"""Dr. Conley said that we are \"""
266,"""@WildBill_1969 @ProjectLincoln So, in your estimation, the difference between Trump and Hitler was that Hitler had a dog? And having a dog is what made him worse?\n\n#TrumpSupporters logic. https://t.co/qXlG9iCSbY"""
267,"""It was a great day here in #Carlsbad,CA. Itâ€™s time to let that AmbienÂ® kick in and call it a day. Wishing all of my followers, fellow #Patriots and #TrumpSupporters a great night.ğŸŒ™ https://t.co/IJtLvwIqdh"""
268,"""We came to support and pray for our President. Congrats to @BrandonStraka for a spectacular event. #WalkAway  ğŸ‡ºğŸ‡¸ğŸ‡ºğŸ‡¸ğŸ‡ºğŸ‡¸â¤ï¸ğŸŒˆ https://t.co/JYIVTHvCFs"""
269,"""#MAGA We are standing by. #ProudBoysStandby @POTUS #republicans #EvangelicalsForTrump https://t.co/IfDFcCxp69"""
270,"""Do Trump Supporters understand what Fascism means?"""
271,"""@YourAnonNews Shut up bitc*  #MAGA https://t.co/oTR2jXBIPI"""
272,"""@KathleenRMC1 @robsevy Yep. She goes on, â€œThose disgusting people are the same people that he claims to care about. These are the people still going to his rallies today who have complete faith in who he is. The truth is he doesnâ€™t actually care about anyone else but himself.â€\n\nhttps://t.co/477Nj5qREP"""
273,"""@Blake_RESISTS @CanuckCognizant @GOP No they'll blame it on #Dems. They're hopeless #TrumpCult\n\n\"""
274,"""Psst...@realDonaldTrump (and letâ€™s be real) @jaredkushner) itâ€™s time to draft @CLewandowski_ to close this campaign out. Heâ€™s smart ferocious and loyal. #maga"""
275,"""Scottish independence party dumps co-founder for expressing support for Donald Trump https://t.co/xVkWaky0hp"""
276,"""#WalkAway \"""
277,"""To all #TrumpSupporters :ğŸ˜ https://t.co/1UZm3O4Df2"""
278,"""@JohnJHarwood Not in the least\n#MAGA"""
279,"""Iâ€™m about to speak at the #WalkAway march in DC! https://t.co/0inloMaPWY"""
280,"""Rumor from an insider:\n\nNewsmax has a lot conservative investor money behind them and see the opportunity to gain a ton of unhappy Fox viewers.\n \nYou betcha.\n\n#maga"""
281,"""#FakePresident #DonaldTrump said that Fake President Donald #TrumpSupporters are #DisgustingPeople"""
282,"""Going welI, I think! Thank you to all. LOVE!!!"""
283,"""#TrumpIsALiar evidence #1 claiming he is a successful millionaire, making 400K a year yet file little income tax ... how much #TrumpSupporters need to realize #TrumpIsTheWORSTPresidentEVER https://t.co/ES8G25zJjZ"""
284,"""#trumpsupporters Iâ€™m a ghost if I blow in the wrong direction yâ€™all cry and blame each other Iâ€™m about to go break up another one a yâ€™all be in heat head a$$ meetings w/ them weak a$$ sub sub plots af - bye"""
285,"""Trump supporters don't like trump for what he has done for them\n(Nothing). They like him for what he is doing to people they hate."""
286,"""Trump campaignâ€™s in a bad, bad place right now"""
287,"""@enews Her husband knowingly was around people with it, compromising his wife &amp; child. Thatâ€™s like bringing herpÃ¨s home. #TrumpSupporters what sacrifice they make for a man who doesnâ€™t give a flip about them. SMH ğŸ¤¦â€â™€ï¸"""
288,"""People are wild. Even if you hate @realDonaldTrump you still have to know he is a dad and his wife is a mom. People have way to much hate. Even @JoeBiden who has more reason than most to hate him wishes him a speedy recovery. #WalkAway"""
289,"""\"""
290,"""@realDonaldTrump #michaelcohen Said #Trump was using the #evangelical \nAnd do not care about them.\n#TrumpSupporters #Pennsylvania Don't be stupid \nHe only wants your vote that's all. #VoteTrumpOut2020 #NotMyPresident"""
291,"""Oh god! @realDonaldTrump @POTUS  quote â€œStand back and standby by!â€ Seriously Mr. President. U couldnâ€™t properly send a message against racists! Seem more like a command for your #TrumpSupporters  to wait to go crazy on Election Day! https://t.co/UFigNKl7xY"""
292,"""To the #TrumpSupporters this one is for you! #fucktrump https://t.co/Vfz8dpitDX"""
293,"""â€˜What a disgrace.â€™ â€” Sen. Chuck Schumer called out Pres. Trump for saying that COVID-19 deaths in blue states shouldnâ€™t count https://t.co/nGCMDxUTmd"""
294,"""Three years ago today, Las Vegas was struck by tragedy when a gunman opened fire on the Route 91 Harvest Festival. It remains the deadliest mass shooting in modern U.S. history.\n\nAs we remember those we lost, we must take action to ensure it never happens again."""
295,"""Hillary Clintonâ€™s former spokesperson.ğŸ‘‡ğŸ»ğŸ‘‡ğŸ¼ğŸ‘‡ğŸ½ğŸ‘‡ğŸ¾ğŸ‘‡ğŸ¿ This is who they are! Let us never forget it! #GodBlessPresidentTrump #maga https://t.co/1MaDWUCa5c"""
296,"""@ManachainO Stevie Wonder can see it  ğŸ¤¦ğŸ»â€â™‚ï¸ https://t.co/oACN8lkWNU"""
297,"""#WalkAwayâ€™s #UNSILENT March: Happening now in DC! https://t.co/UPOLldI6qu via @YouTube"""
298,"""On the red carpet at the #Walkaway American Women's Townhall in DC. God is good &amp; America is awesome. MAGA BABY!!! https://t.co/WgsKNJDqV8"""
299,"""If this doesnâ€™t sum up 2020, what does? #TrumpSupporters #BidenHarris2020 #RBGRevolution https://t.co/5oP9A7JJBf"""
300,"""#WalkAway \n\nRT @VenturaReport: Thousands of Trump supporters marching in DC for \"""
301,"""#TrumpSupporters be like\n\n#VoteBlueToSaveAmerica #VoteBidenHarrisToSaveAmerica #WearAMask #TrumpIsBroke #TrumpTaxes https://t.co/pdBuc0C248"""
302,"""@rickwtyler #MAGA snowflakes https://t.co/SuSs9Lvvix"""
303,"""Check out C_weezy's video! #TikTok #Trumpsupporters ğŸ˜‚ğŸ˜‚ğŸ˜‚ https://t.co/dNyEOMYF3H"""
304,"""Got mad at a #TrumpSupporter at work when she complained about the anger towards #DonaldTrump. I told her we SHOULD want him to recover because he has a wife and children but I understand the anger. She says to me:  Well I dont get the anger at all!\"""
305,"""@BobSaggy20 @matt_tornetta @GOP @LizRNC @realDonaldTrump Yes. It is false. \n\nBelieving in conspiracy bull during a pandemic proves #TrumpSupporters are idiots."""
306,"""They are MURDERING US by not mandating that everyone has to wear a mask.  \n\nIt is NOT political, it IS SURVIVAL. \n\nYou #MAGA survivalists can surely understand that, right?\n\n#WearADamnMask https://t.co/0KR8O0FXM3"""
307,"""He will get it too!\n#TrumpSupporters and @realDonaldTrump are gonna take good care of him!"""
308,"""About 30 mins ago DC Police park Officers wrestled with BLM Protesters at todayâ€™s @RealWalkAway rally. Multiple arrests have been made. #dcprotest #dcprotests #Breaking #Breakingnews #HappeningNow \n#DC #WashingtonDC #UNSILENT #WalkAway https://t.co/VJXiaGHHzP"""
309,"""Compare how conservatives reacted to &amp; mourned the death of RBG to how Democrats are celebrating Trump contracting COVID.\n\nVote accordingly this November."""
310,"""Who else knows a bunch of shit talking, virus denying, mask hating #TrumpSupporters who have just shut the fuck up for the first time in 6+ months?\n\nAnyone?\nAnyone? https://t.co/AV7DT9CnjT"""
311,"""How would contracting an illness change the president's mind about economic stimulus? What is Nancy implying? #MAGA #TrumpCovid https://t.co/xqmtJynbWC"""
312,"""President Trump gives his iconic thumbs up to reassure Americans as he departs the White House to board Marine 1 heading to Walter Reed Hospital.\n@realDonaldTrump is absolutely amazing. The quintessential leader...\n#PrayForTrump #MAGA https://t.co/4fASxgY0iz"""
313,"""@restartleader We stand TOGETHER.\nWe are united!\n#MIGA\n#MAGA https://t.co/uSoTtHXFxk"""
314,"""Has anyone checked on all those Karenâ€™s out there? #TrumpSupporters #TrumpSuperSpreader https://t.co/rsREoREeg1"""
315,"""Wonderful #WALKAWAY Stories! @tracybeanz interviewing https://t.co/ICjHqiar6k"""
316,"""Here ya GO AZ! \n\nLoud &amp; Proud #TrumpSupporters \n\nDO IT! \n\n#Trump2020LandslideVictory https://t.co/rMgTkK4ER6"""
317,"""God bless Trump and God bless America #MAGA https://t.co/7xK0zwwAwN"""
318,"""Thank you all for the support ğŸ¥° My limit is reached I will follow back slowly...our PATRIOT Fam is growing again ğŸ‡ºğŸ‡¸ğŸ‡ºğŸ‡¸ #MAGA"""
319,"""#TrumpSupporters Iâ€™m worried about yâ€™all #Debates2020 #BidenHarris2020"""
320,"""Have you heard that American #entrepreneurship, which has been behind the development of the largest economy in the history of the world, is actually thriving?\n\nNew businesses are being started at fastest pace in decade (by @kerry_edu):\n\nhttps://t.co/3CIqkmeEhr\n\n#TeaParty #MAGA"""
321,"""I was wrong about the Democratic Party #walkaway https://t.co/txDevyGXgB via @Politic_Chatter"""
322,"""BREAKING: Cardi B and her sister are getting sued for defamation â€¼ğŸ˜‚ğŸ˜‚ğŸ˜‚\n\n#TrumpSupporters GOOD JOB. They picked the right ones. ğŸ‡ºğŸ‡²ğŸ‡ºğŸ‡²\n\n#DoniTheDon https://t.co/jYfn5UvCph"""
323,"""@KatieDaviscourt The actual animation how it works.  #SeattleRiots #TrumpSupporters https://t.co/RSPE2mlXHy"""
324,"""BREAKING: Trump supporters hold flash mob outside Bethesda hospital https://t.co/sQfJ4wmKSd"""
325,"""#TrumpSupporters #WhiteSupremacy \n\nThe â€œtolerantâ€ right. https://t.co/O872Jo7DOW"""
326,"""@JoeBiden @KamalaHarris Itâ€™s looking like #Americans have jumped on the #TrumpTrain2020 ...Weâ€™re coming at ya full force! There is NO STOPPING THE #TrumpSupporters NOW!    BE PREPARED FOR A #Trump2020Landslide ITS GOING TO ROCK THE UNITED STATES OF AMERICA LIKE YOUâ€™VE NEVER SEEN! https://t.co/ywum7mZlj2"""
327,"""dOnald tRumpâ€™s Boogaloo thugs terrorizing folks in Louisville. ğŸ¤¬ https://t.co/X2iLAc0yWh"""
328,"""LMAO...ğŸ˜‚ğŸ˜‚ğŸ˜‚!!!\n\n#trump #trumpsupporters #maga #donaldtrump #trumptrain #kag #trumpmemes #makeamericagreatagain #republican #keepamericagreat #buildthewall #conservative #trumpforpresident #womenfortrump #americafirst #draintheswamp #walkaway #presidenttrump #trumprally #bhfyp"""
329,"""#MAGA Power"""
330,"""Just ran into @BuzzPatterson at the #WalkAway Womenâ€™s Town Hall in Washington DC! \n\nHeâ€™s running for Congress in California. Yâ€™all support his campaign. \n\nLETâ€™S TAKE BACK CALIFORNIA! https://t.co/0O6rTXwZAC"""
331,"""Sad she had to remind people she was on the ballot lol!"""
332,"""@jstmeinmo #TrumpSupporters are not particularly smart, savvy, or connected to reality...just the way he likes them. He'd better balance his lust for adulation with his need for votes- too many #TrumpDeathRallies will kill these idiots &amp; the only #MAGA2020Landslide will be at the cemetery. https://t.co/WMCdYH9c1Z"""
333,"""My personal favorite.\n\n#TrumpSupporters #Hypocrisy https://t.co/xWDQh2T3q5"""
334,"""For all you #TrumpSupporters .  All of your heads have been SO f***ed with for past 4 years you didn't even know it.ğŸ¤£ğŸ¤£ğŸ¤£ğŸ¤£ğŸ¤£ #BidenHarrisLandslide2020 #VoteBlue2020"""
335,"""@zsazsa1953 @wilma12372653 @EricTrump ğŸ˜‚ğŸ˜‚ğŸ˜‚ insults, how left of you. ğŸ¤¦â€â™€ï¸ #walkaway"""
336,"""No one has ever spray-painted the \"""
337,"""#TrumpSupporters  were all exposed and at risk of it now, however I did see a few intelligent people during his rallies wearing masks. I do hope it was enough to protect them and their family without the CDC's \"""
338,"""Grown man throws a toddler-sized hissy fit on live TV because he's called out for pushing Dem talking points. \n\nIt's time to #WalkAway from Fox.\n\nhttps://t.co/uk29DHExce"""
339,"""Looking forward to all the kind-hearted expressions of sympathy to Trump and Melania from the blue-checkmark Left."""
340,"""Turn his back on the American people. Par for the course with Trump. #TrumpTaxReturns https://t.co/hqGY5i48VN"""
341,"""@Clyder36657669 @DearyPie @kirkacevedo Really, 85 (that's your IQ level - dull / normal)? You had to bring in dogs when they weren't even part of this tweet?  A dog would eat tRump's shrimpy fingers, just like Uncle Sam tried to do! ğŸ¤£ğŸ˜‚ Just look at the commander-in-quife flinch!! https://t.co/9mk0xSFZXc"""
342,"""Goodnight or good morning to all you beautifulğŸ˜´ #TrumpSupporters https://t.co/UfFHKHiRB9"""
343,"""Silver lining...liberals are showing us all how nasty &amp; evil they are. No compassion. Hateful. We see youğŸ‘€\n#TrumpCovid #MAGA"""
344,"""Lost Cause: @RealCandaceO says ANIFA &amp; BLM are going into Black American neighborhoods and taking away jobs and industries in the name of fighting against racism. #MAGA #AmericaFirst #Dobbs https://t.co/CJZdJ2gV9x"""
345,"""@realDonaldTrump #TrumpSupporters will  not get 2 face liar, doesnâ€™t work for Americans, works hIs self interest, and never fulfill his commitments. His endeavors always come short and undisciplined. Not good business man. Not pro-American, willing to sell and sacrifice our lives for his games. https://t.co/1MCFfuFSqA"""
346,"""That about sums up #TrumpSupporters. https://t.co/U2OLav57bI"""
347,"""Donâ€™t worry @POTUS like you said we are  going to have a vaccine very soon couple days this week, and the Democratic Hoax going to just disappear. So sit tight or lay tight.ğŸ¤“. A #MAGA  vaccination is coming to you soon."""
348,"""@IvankaTrump #MAGA+A ğŸ˜‚ğŸ˜‚ENDLESSğŸ¤£BULLâ˜ ï¸SHITğŸ˜‚ğŸ¤£ğŸ˜‚ğŸ¤£ğŸ˜‚ğŸ¤£ğŸ˜‚ğŸ¤£ğŸ˜‚ğŸ¤£ğŸ˜‚ğŸ¤£ğŸ˜‚ğŸ¤£ğŸ˜‚ğŸ¤£ğŸ˜‚ğŸ¤£ğŸ˜‚ğŸ¤£ğŸ˜‚ğŸ¤£ğŸ˜‚ğŸ¤£ğŸ˜‚ğŸ¤£ğŸ˜‚ğŸ¤£ğŸ˜‚ğŸ¤£ğŸ˜‚SAMEğŸ‘ŒğŸ»TIREDğŸ‘ŒğŸ»OLDğŸ‘ŒğŸ»RANTINGğŸ¤£ğŸ˜‚ğŸ¤£ğŸ˜‚ğŸ¤£ğŸ˜‚ğŸ¤£ğŸ˜‚ğŸ¤£ğŸ˜‚ğŸ¤£ğŸ˜‚ğŸ¤£ğŸ˜‚ğŸ¤£ğŸ˜‚ğŸ¤£ğŸ˜‚ğŸ¤£ğŸ˜‚ğŸ¤£ğŸ˜‚your life is NOW and FOREVER a joke...ğŸ¤£ğŸ˜‚ğŸ¤£ğŸ˜‚ğŸ¤£ğŸ˜‚ğŸ¤£ğŸ˜‚ğŸ¤£ğŸ˜‚ğŸ¤£ğŸ˜‚ğŸ¤£ğŸ˜‚ğŸ˜‚ğŸ¤£ğŸ˜‚ğŸ¤£ğŸ˜‚ğŸ¤£ğŸ˜‚ğŸ¤£ğŸ˜‚ğŸ¤£ğŸ˜‚DESPERATEâ˜ ï¸IDIOTâ˜ ï¸LOSERâ˜ ï¸ğŸ‡ºğŸ‡¸â˜ ï¸ https://t.co/O5IPz5bYfn"""
349,"""#TrumpSupporters continue to show the world they're the dumbest humans on earth! They're putting their lives at risk for #conman #Trump, who couldn't care less if every one of these attendees gets sick and dies in the next few weeks.\n\nHe hates them &amp; actually wants them to die."""
350,"""Thank u to all the #Trumpsupporters tht hv gone to the hospital and r waiving ur flags. God bless u all https://t.co/FHCJkmeXVt"""
351,"""â€œA male adult suffered two broken legs, and one female adult suffered moderate injuries.â€\n\nThe woman who was arrested and charged with attempted murder after driving through a crowd of #TrumpSupporters in #California was identified as an event organizer. https://t.co/0deS48Cjis"""
352,"""Check out our NEW Trump products! Limited time only use coupon code TRUMP20 to get 20% OFF Trump products\nhttps://t.co/pVvFrfKzsj\n#trump2020 #trumpsupporters https://t.co/KjSBjC50Gi"""
353,"""@aidso67 Americans can't, it will become a game show.\nThere will be videos of Trump lying on a bed, then taking his first steps, then him claiming he beat it. \nIt's like a Rocky filmğŸ˜¬\nThey really are the thickest bunch of Muppets I've ever seen.\n#TrumpSupporters"""
354,"""Ahhhh all the #trumpsupporters are coming out everywhere! Even where you least expect it! Well having 100+ followers and following 120 accounts was fun while it lasted.  You support trump I do not support you. #VoteBidenHarrisToSaveAmerica"""
355,"""#trump #protrump #maga #republican #conservative #conservativememes #america #rightwing #makeamericagreatagain #kag #proamerica #donaldtrump #lovetrump #republicanmemes #trumpsupporters #americafirst #trumptrain #womenfortrump #walkaway #keepamericagreat #proudtobeanamerican"""
356,"""Randy calling out far too many with this one. #TrumpSupporters https://t.co/aL5lxfqWvA"""
357,"""Fake News, election tampering, creep Jim Acosta gets caught in another huge lie:           #FakeNews #Trump #WhiteSupremacy #maga https://t.co/vy04CqbHGa"""
358,"""God bless the president and the first lady. If you pray, please pray for their speedy and complete recovery â€” and for everyone infected, everywhere.\n\nThis virus is horrific and merciless â€” no one would wish its wrath on anyone.\n\nWe must get its spread under control. Enough."""
359,"""Armed Trump supporters set up illegal blockades along evacuation routes in Oregon, threatening anyone who \"""
360,"""Of course @realDonaldTrump he DID! When are his #TrumpSupporters going to realize #Trump doesnâ€™t care for ANYONE other than HIMSELF! Not even his family!"""
361,"""If you watch the videos of #KyleRittenhouse you can see he was clearly acting in self defense, but at the same time if cops use a no-knock warrant on the WRONG house and end up killing someone then they need to be held responsible. #Brionnataylor"""
362,"""#TrumpSupporters \nNotice the same bullshit then and now. Trump sucks https://t.co/9vBEzvgqrW"""
363,"""WATCH: Bob Woodward grilled on @HBO about #TrumpSupporters (a true cult) being disconnected from reality on #COVID19\nhttps://t.co/mbvrb5vage https://t.co/2Vh1DoKtcj"""
364,"""Breaking: President Trump has arrived at Walter Reed Medical Center \"""
365,"""#TrumpSupporters Joe Biden is pulling his negative ads. The Trump campaign, of course, will do no such thing https://t.co/DXwmAAMn9w #GOPCorruptionOverCountry #GOPHypocrites #GOPSuperSpreaders #TrumpCovid #TrumpSuperSpreader"""
366,"""@Alexbobby2262C RT: BLM Democrat Plows Threw Thin Blue Line Supporters In California &amp; Police Arrest Her Minutes Later \nSO GLAD THIS IMBECILE WAS STOPPED AND ARRESTED BY THE POLICE!!!!! #YorbaLinda #CALIF #TrumpSupporters \nğŸ‘ğŸ‘ğŸ‘ğŸ‘ğŸ‘ğŸ‘ğŸ‘ğŸ‘ğŸ‘ğŸ‘ğŸ‘ğŸ‘ğŸ‘ https://t.co/IuUL5HsBV9"""
367,"""#TrumpSupporters begin to stand vigil for the president and First Lady. \n#TrumpHasCovid https://t.co/8SIZXO2WMX"""
368,"""Are you aware of #walkaway?"""
369,"""@DeAnna4Congress No. But thatâ€™s quite a display of ignorance in the way you worded that. \nArenâ€™t Republicans @GOP #Trumpsupporters refusing to wear masks? So why is it â€œoddâ€ that they are being exposed to #COVID19? Itâ€™s not. Itâ€™s choices we see people make."""
370,"""NFL TV Ratings Are In The Toilet. There's Probably 1 Major Reason Why https://t.co/WkZ4Svlyji"""
371,"""#TrumpSupporters it all begins to unravel for you in 6 short weeks...you had power you abused power you blew it #NEVERAGAINGOP"""
372,"""Now these idiot #TrumpSupporters saying Biden wore a wire!ğŸ¤¨ It's not his fault that he is over qualified answering questions when compared to trump! https://t.co/njNP3mvIyh"""
373,"""#Black #TrumpSupporters y'all cool with this. https://t.co/3dV7lSocH9"""
374,"""@rumadyet60 Apparently #TrumpSupporters like their kool-aide. So so sad that the USA has become so divided over the last 4 years. Our country has lost the respect that our forefathers have worked so hard to establish. https://t.co/fv3szSpmht"""
375,"""I can't believe #TrumpSupporters are still defining his gross assğŸ˜¡ after late night. #yourdisgusting #clowns https://t.co/rvrEXZ81o9"""
376,"""Addition evidence that #Left, #Democrats are the ones fomenting #Hate #Division #Violence by branding #TrumpSupporters (#Christians #Conservatives #Republicans) as sub-human. The evidence is overwhelming against #BidenHarris as #Deadly to #America. \n\nhttps://t.co/7NiWf3gxLn"""
377,"""@realDonaldTrump But you have your #TrumpSupporters packed in like Sardines in can #hypocrisy at its best #dumbiesinredhats https://t.co/ksqVtS8BVp"""
378,"""THIS! #TrumpSupporters rant and rail and rejoice in the suffering of others, but as soon as the shoeâ€™s on the other foot they cry foul. Theyâ€™re ALWAYS playing the victim.\n\n#RealSnowflakes"""
379,"""The look #TrumpSupporters have after going to his maskless rallies and then find out he has Covid https://t.co/jahyq9HgI7"""
380,"""That is truly the question?\n@ #TrumpSupporters \n@GOP https://t.co/fO6QNmBypv"""
381,"""#Trump is a #traitor, who lies about everything. \n\nThis isn't a debate, it's a schoolyard bully trying to overtalk the debate mod into submission. \n\nAll #Trumpsupporters are #traitors to #America. \n\n#Debates2020 \n#BidenHarris2020 \n#EndFascismInAmerica \n#ResistanceIsNotFutile https://t.co/SV2K6T2P0E"""
382,"""Internet do your thing #TrumpRiots #TrumpSupporters #dox https://t.co/D02f0ERxV8"""
383,"""@JRubinBlogger Here you go. This should calm you down. POTUS being taken to Reed. \n\nNothing to worry about! \n\n#MAGA https://t.co/lDZAUHUXcJ"""
384,"""When a professor wants cops, capitalists (free Americans) &amp; politicians he does not like murdered &amp; strangled with their own intestines, the left calls it free speech. But don't you dare call them by the wrong pronoun... https://t.co/ZqQnHDb2Zm #education #indoctrination #MAGA"""
385,"""While @realDonaldTrump is recovering, remember the only thing worse than COVID-19...\n\n...is Biden-20.\n\n#PrayForTrump #MAGA #Trump2020 #FoxNews #AmericaFirst https://t.co/QqLqTUaGnS"""
386,"""To you #WV #MAGA #TrumpSupporters trump is living it up, while some of you sit in your houses without food, are going to get your healthcare taken away, for your own sake, PLEASE WAKE-UP, he is a con, you can't deny this, they have the documents, admit it!"""
387,"""I don't  understand #FOXNEWS and am stopping watching most of it...why do they allow #JUANWILLIAMS who despises #TRUMP and continues to label #TRUMPSUPPORTERS as causing violence when that is NOWHERE near what is  happening?  Get #Williams off or I'm getting off!"""
388,"""Let me be clear: The voters should pick a President, and that President should select a successor to Justice Ginsburg."""
389,"""*sigh* I had to wake up to people yelling at each other because someone supports Trump I don't care if you support Trump just let me get my sleep #TrumpSupporters https://t.co/BN6SVZeVwD"""
390,"""Rise, shine &amp; hold your head high\nEven on dark days stand tall &amp; find the sunlight\n\nBe bright, sunny &amp; positive\nSpread seeds of #MAGA happiness\n\nWe are all golden sunflowers inside\n\n#SaturdayMorning\n#YouAreMySunshine\n#StayOnTheSunnySide\n#PrayingforTrump https://t.co/de1dfOKOs5"""
391,"""President Trump will return and make China payï¼#MAGA https://t.co/BlifLDVTrm"""
392,"""Idea for people getting their signs stolen ğŸ¤£ #trump2020 #trump #trump2020ğŸ‡ºğŸ‡¸ #trumpsupporters https://t.co/0dHRpxSmzt"""
393,"""@JackPosobiec I know, isnâ€™t it great...I love #MAGA ! #WeLoveTrump"""
394,"""@bblock29 Nope ğŸ‘ğŸ˜‚#Trumpsupporters ğŸ‘‡ https://t.co/DHXossfO4s"""
395,"""@JohnJHarwood Not me. I'd rather be an #American than a #TrumpSupporters"""
396,"""#Trump is a #Traitor \nAll #TrumpSupporters are #traitors...\n\nAs #Americans, it is our DUTY to #OccupyTheStreets and #VoteBlueToSaveAmerica. \n\nNothing else is acceptable. \n\n#EndFascismInAmerica \n#ResistanceIsNotFutile https://t.co/WgNdZuzSuC"""
397,"""Trump and His Aides Have Long Played Down Importance of Face Masks, Distancing\n\nRight up until the hours before the president tested positive for coronavirus, he and his staff often dismissed or ignored public-health safety precautions\n\n#MAGA MORONS â€¼ï¸ https://t.co/Ji0p22zM8o"""
398,"""From #TheTrumpCentury: \"""
399,"""The Beast came roaring out last night &amp; it was sickening to see. Even if you are #Trumpsupporters, even you know, that was no debate; our system relies on at least a show of willingness to listen with an open mind to the other side. We didnâ€™t get that. And donâ€™t forget #COVID19 https://t.co/I6wMM8d9Ne"""
400,"""#TrumpSupporters his words â€œyou are disgusting people. Let that sink in. #TrumpIsALiar #TrumpIsANationalDisgrace https://t.co/UvyUNRYFul"""
401,"""@RepAndyBiggsAZ @realDonaldTrump Since when were we all so delicate with our rhetoric? ğŸ™„ #MAGA https://t.co/UEw5EbOrgM"""
402,"""@AWilliams746 @mtgreenee #TrumpSupporters Unless you can take a helicopter ride to the hospital for cautionary measures you need to #MaskUp"""
403,"""@PositiveAbraham Wishing and praying for #PresidentTrump and #FLOTUS's speedy recovery. Will follow back #TrumpSupporters"""
404,"""Victor is playing the role of supportive husband today (which is obviously no different than any other day!) #WalkAway https://t.co/sOujmJFApV"""
405,"""#CovidCaughtTrump Clarification: @GOP and diehard #TrumpSupporters are shitting bricks right now! The rest of America is saying I TOLD YOU THE FUK SO!"""
406,"""Let that sink in #maga #Trumpets #TrumpSupporters"""
407,"""The only truth I have ever heard him speak ğŸ’¯\n#trump #maga #donaldtrump #usa #republican #america #politics #conservative #kag #trumptrain #makeamericagreatagain  #keepamericagreat #draintheswamp #meme #presidenttrump #trumpsupporters #americafirst #walkaway #trumpmemes https://t.co/p7DaF1KrpX"""
408,"""Mental health is real guys! And it shows #Trumpsupporters need the help but donâ€™t want it! That is called denial! Lack of accepting reality? It is what it is!"""
409,"""Some hoax huh #TrumpSupporters #TrumpHasCovid"""
410,"""Hey #TrumpSupporters \nHe was talking about you! No one else wants to shake his hand. Please recognize he is using you. \n#Trump2020 #TrumpPence2020 \n#WakeUp #StayWoke #Resist \nJoin #TheResistance"""
411,"""yup #trumpsupporters - THIS IS ALL YAâ€™LL! https://t.co/tKutbv7rrn"""
412,"""US coronavirus: As doctors worry about an 'apocalyptic fall,' the CDC retracts Covid-19 info https://t.co/YJPHXdInYs \n\nDearest #MAGAts and the ENTIRE @GOP ...\n\nWHAT WILL IT TAKE?\n\nWhen YOUR Children DIE from #COVID19 ...\n\nTHEN ... WILL YOU ABANDON #Trump?"""
413,"""Trump has been to several states in the week before his positive COVID-19 diagnosis carrying out his duties as president and Republican candidate. https://t.co/fPxrBdnhp0"""
414,"""At this point all #TrumpSupporters are #Racists and should be treated as such. After 3yrs of this shit, don't for a second think they're not. I don't care what you're friends tell you. #Trump tells white audience in Minnesota they have 'good genes' https://t.co/amtyuB7ljU"""
415,"""@politicat1 So why do you call joe biden anti American for not clearing denouncing Antifa? You dont call it world police when you try to script his words.  #Trumpsupporters are big hypocrites ğŸ™„"""
416,"""#TrumpSupporters what is it like knowing that undocumented immigrants have paid more taxes than the \"""
417,"""@ProjectLincoln To some of those men, a dog was a prop to win votes. Trump doesn't need a dog for votes. Even Hitler was a dog lover. I guess Trump isn't as bad as Hitler after all."""
418,"""#trump house from a dedicated #TrumpSupporters https://t.co/AJ0CCVEUzo"""
419,"""Veteran E! host Giuliana Rancic released a statement announcing she and her family all have coronavirus. Read the full statement: https://t.co/JCMpaejtZA https://t.co/OAYSaMH8po"""
420,"""@itsJeffTiedrich @realDonaldTrump $200? Try $12 for a stupid 1 hr for #loser #Trumpsupporters https://t.co/NK25XHzn14"""
421,"""The scene outside #WalterReedHospital. Some #maskless #TrumpSupporters chanting â€œUSA, USA, USA!â€ https://t.co/9EDXfhiMe7"""
422,"""KEN and KAREN...MIND YOUR BUSINESS \n#BidenHarris2020 \n#BidenHarrisLandslide2020 \n#Trump\n#TrumpSupporters \n#KarensGoneWild \n#Ken \n#BlackLivesMatter \n#RacistTrump \n#mindyourbusiness https://t.co/wjPdHd6mow"""
423,"""Iâ€™m waiting for #Republicans to condemn this ğŸ’©! #TrumpSupporters using intimidation to suppress the vote. Itâ€™s illegal!!!! https://t.co/ZR58XXmlrY"""
424,"""How they felt then, &amp;, though some sentiments have changed, there are those who feel this way, i.e., #TrumpSupporters.\nThey're mostly elderly &amp; on they're way out, but still try to spread this to their kids.\nBut, there are more of those who they don't want, than there are of them https://t.co/bXnA1oqeZ5"""
425,"""@RadioFreeTom @JVLast I suspect they've sunk to new levels... ğŸ™„ #TrumpSupporters https://t.co/rKY8aGYD5d"""
426,"""The real #VoterSuppression appears to affect mostly #TrumpSupporters.\n\n[UPDATED] Military Ballots Found in the Trash in Pennsylvaniaâ€”Most Were Trump Votes https://t.co/LVZWyVV9d3"""
427,"""Hi. Our basic human rights afforded to us by the Constitution will be gone if we elect these psycho, anti-American Democrats. \n\n#WakeUp #WalkAway #BLEXIT ğŸ‡ºğŸ‡¸â™¥ï¸\n\n https://t.co/mrYDbnp0So"""
428,"""#AZCD2 #christianity #trump #maga #kag #donaldtrump #conservative #republican #usa #trumptrain #makeamericagreatagain #america #keepamericagreat #qanon #draintheswamp #wwg #wga #americafirst #a #walkaway #trumpsupporters #presidenttrump #politics  #trumpmemes #fakenews"""
429,"""#TrumpHasCovid #TrumpSupporters like https://t.co/XEYHBLWORF"""
430,"""Basically all #republicans #trumpsupporters #VOTEHIMOUT https://t.co/rF19bCQG6r"""
431,"""Let us school #trumpsupporters https://t.co/cIE3y7w048. #VoteBlue2020  #VoteBidenHarrisToSaveAmerica https://t.co/54L0zeaFgy"""
432,"""If you're going to blame #Biden2020 supporters &amp; #BLM, LEARN WHAT THE HELL SYMBOLS WE USE &amp; DON'T.\nANARCHY SYMBOLS REALLY?ğŸ™„\nWow. #TrumpSupporters can't you do a BETTER SETUP JOB THAN THIS? \n#200KDeadAmericans\n#VoteOutEveryRepublican \n#COVID19\n#TrumpIsLosing \n#BreonnaTaylor \n@cnn"""
433,"""I guess we're learning who would have hidden Anne Frank and who would have turned her in for the money.\n\n#TrumpSupporters"""
434,"""#TrumpSupporters  obviously ğŸ¤” #Rapeublicans https://t.co/TjHOEx1SlM"""
435,"""TRUMP WENT TO BEDMINSTER AND EXPOSED STAFF AND FUNDRAISER ATTENDEES WHEN HE ALREADY KNEW HE HAD COVID!?! WHEN HE WAS ALREADY SYMPTOMATIC AND RECEIVING TREATMENT!"""
436,"""#Illinois #TrumpSupporters \n10.4.20\n2pm\nHinckley \n#TrumpRally https://t.co/VnEuzTajsP"""
437,"""Never underestimate the power of stupid people in large numbers. #2016Election\n\nThese idiots are fun to laugh at until some gets hurt.\nThe Giant #ProudBoys Rally That Wasn't.  @VICENewsâ© \n#ProudBoysAreTerrorists #AltRight #Republicans #TrumpSupporters https://t.co/TA4ok3t6SM"""
438,"""Nice to know there are still good people in America. âœŒï¸ğŸ˜‡ğŸ‡ºğŸ‡¸ None of them are #Trump ğŸ¤¡ #TrumpSupporters ğŸ‘¿, #COVIDIDIOTS ğŸ¤¤, #GOP ğŸ‘¤or #PutinsPuppetsğŸ‘¥ though.ğŸ‘¥ğŸ‘€ğŸ˜¡ @BrunosWahine"""
439,"""There is no greater warrior in America than President @realDonaldTrump. \n\nHe will defeat this. #MAGA #AmericaFirst https://t.co/pjsue4GgOu"""
440,"""#TrumpSupporters in a nut shell. #vote https://t.co/tOgm9LbSh1"""
441,"""Justice Ginsburgâ€™s dying wish was that her seat would not be filled until a new president is installed! Senate Democrats, do not back down. You have a tough fight ahead but our future is on the line! No SCOTUS appointment before the election!!!"""
442,"""Someone, anyone, please help me understand how #TrumpSupporters can't see that the @realDonaldTrump regime and the @GOP are indeed, not just trying, but actually succeeding in #murdering them, &amp; us, by the tens &amp; hundreds of thousands? #AmericaOrTrump #TrumpLied200KAmericansdied"""
443,"""#republican #trump #maga #conservative #donaldtrump #kag #makeamericagreatagain #liberal #trumptrain #keepamericagreat #gop #republicans #americafirst #freedom #prolife #conservativememes #election #draintheswamp #rightwing #trumpsupporters #walkaway #buildthewall https://t.co/vTWgJWBnyC"""
444,"""#trump #maga #kag #republican #conservative #donaldtrump #usa #trumptrain #keepamericagreat #makeamericagreatagain #wwg #wga #america #draintheswamp #americafirst #trumpsupporters #walkaway #buildthewall #politics #thegreatawakening #fakenews\n\nOrder here: https://t.co/5RK69OV8GU https://t.co/FvxfbvLEQq"""
445,"""This is a good time to remind everyone that Trump is currently being taken care of by socialized medicine. In fact, the entire military is funded by taxpayers, including hospitals."""
446,"""What separates winners from losers is how much they pay in taxes. #maga #nopinchewall ~ https://t.co/dQuW5NTUeX"""
447,"""Destroying #TrumpSupporters with logic and style. https://t.co/p20Dk9CV7H"""
448,"""Our hearts go out to the police officers who were shot during protests in Louisville, Kentucky.\n\nMob justice is not justice. https://t.co/3j5tU7c82D"""
449,"""A true #TrumpSupporters don't care about face mask and this is dangerous  look about  your leader #TrumpHasCovid https://t.co/x2oTOaoUgt"""
450,"""No. They are all lost.\n\nAll #Trump supporters are willful #traitors at this stage, participants in a #coup to install a #fascist dictator and overthrow the #American government. \n\nAll #TrumpSupporters are #DomesticTerrorists.\n\n#EndFascismInAmerica \n#ResistanceIsNotFutile"""
451,"""Bikers leading the Vietnamese-Americans for Trump parade in Margate, Florida.\n#TRUMP2020 #MAGA #TRUMPSUPPORTERS https://t.co/najMlRhiaV"""
452,"""Hey #TrumpSupporters, #Evangelicals, and #Christians! If the #GOP manages to get a judge, don't worry, we'll just go to Canada to get our #abortions ğŸ˜Š"""
453,"""I will go out and say that #TrumpSupporters as a whole denounce white supremacy and the KKK!\n\nUNFOLLOW ME IF YOU DISAGREE"""
454,"""A MUST SEE ğŸ¤—\nTwo gracefully gorgeous #Friends\n#Psych101 - human nature is to be kind, help one another\n\n#TrumpSupporters\nDo u belong to the 1%ers then\n#TrumpFriendsUHaveBeenDuped by a 1% money grubbing human abomination subset\n\nWeep SAVE U #VoteBlue2020\n#Vote99PercentSolution"""
455,"""@Make_USA_Blue @Clyder36657669 @kirkacevedo Cat and dog lover here.  Sad to see how ppl can hate animals.  #Deplorable\n\nNot surprising to see how these #TrumpSupporters will make statements and NEVER have any sources to back them up.  ğŸ˜‚.   Trump sure loves his uneducated lot."""
456,"""I can't believe I used to worry about wearing my Hellboy t-shirt on the train because I was afraid someone would think it was the Aryan Fist. Twitler rants and raves every night and his supporters are all HE'S NOT RACIST :D\n\nI gave people too much credit.\n\n#TrumpSupporters #Trump https://t.co/UuojlbwUFw"""
457,"""@realDonaldTrump guy who wants to give every senior citizen a $200 bribe says what"""
458,"""WATCH: BLM protestors showed up at the #WalkAway Campaign Unsilent Majority march at the Lincoln Memorial and were swiftly contained by officers while the crowd yelled \"""
459,"""Back home in LA! Fighting for freedom and ready to rock DC this weekend for the @RealWalkAway extravaganza! Get your tickets and come meet me! @BrandonStraka #joytribe #WalkAway https://t.co/pYfSJBCdS6"""
460,"""#MaskUpAmerica \n\n#TrumpSupporters are really losing their sh*t right now, I wouldnâ€™t be surprised if they double-triple down on running around not wearing masks and breathing on each other while they try to find people to harass this weekend. &gt;:P https://t.co/NZXD8tHBrg"""
461,"""@realDonaldTrump #RacistInChief #TrumpIsRacist #TrumpIsARacist #RepublicanRacism #RacistRepublicans #Vote #VoteHimOut #VoteHimOut2020 #VoteInPerson #VoteBlueToSaveAmerica #VoteReady #VoteBidenHarris2020 #VoteBidenHarris #VoteBidenHarrisToSaveAmerica #BidenHarris2020 #BidenHarris https://t.co/SFdpymhUsO"""
